[
 {
  "states_daily":{
   "an":"0",
   "ap":"1",
   "ar":"0",
   "as":"0",
   "br":"0",
   "ch":"0",
   "ct":"0",
   "date":"14-Mar-20",
   "dateymd":"2020-03-14",
   "dd":"0",
   "dl":"7",
   "dn":"0",
   "ga":"0",
   "gj":"0",
   "hp":"0",
   "hr":"14",
   "jh":"0",
   "jk":"2",
   "ka":"6",
   "kl":"19",
   "la":"0",
   "ld":"0",
   "mh":"14",
   "ml":"0",
   "mn":"0",
   "mp":"0",
   "mz":"0",
   "nl":"0",
   "or":"0",
   "pb":"1",
   "py":"0",
   "rj":"3",
   "sk":"0",
   "status":"Confirmed",
   "tg":"1",
   "tn":"1",
   "tr":"0",
   "tt":"81",
   "un":"0",
   "up":"12",
   "ut":"0",
   "wb":"0"
  }
 },
 {
  "states_daily":{
   "an":"0",
   "ap":"0",
   "ar":"0",
   "as":"0",
   "br":"0",
   "ch":"0",
   "ct":"0",
   "date":"14-Mar-20",
   "dateymd":"2020-03-14",
   "dd":"0",
   "dl":"1",
   "dn":"0",
   "ga":"0",
   "gj":"0",
   "hp":"0",
   "hr":"0",
   "jh":"0",
   "jk":"0",
   "ka":"0",
   "kl":"3",
   "la":"0",
   "ld":"0",
   "mh":"0",
   "ml":"0",
   "mn":"0",
   "mp":"0",
   "mz":"0",
   "nl":"0",
   "or":"0",
   "pb":"0",
   "py":"0",
   "rj":"1",
   "sk":"0",
   "status":"Recovered",
   "tg":"0",
   "tn":"0",
   "tr":"0",
   "tt":"9",
   "un":"0",
   "up":"4",
   "ut":"0",
   "wb":"0"
  }
 },
 {
  "states_daily":{
   "an":"0",
   "ap":"0",
   "ar":"0",
   "as":"0",
   "br":"0",
   "ch":"0",
   "ct":"0",
   "date":"14-Mar-20",
   "dateymd":"2020-03-14",
   "dd":"0",
   "dl":"1",
   "dn":"0",
   "ga":"0",
   "gj":"0",
   "hp":"0",
   "hr":"0",
   "jh":"0",
   "jk":"0",
   "ka":"1",
   "kl":"0",
   "la":"0",
   "ld":"0",
   "mh":"0",
   "ml":"0",
   "mn":"0",
   "mp":"0",
   "mz":"0",
   "nl":"0",
   "or":"0",
   "pb":"0",
   "py":"0",
   "rj":"0",
   "sk":"0",
   "status":"Deceased",
   "tg":"0",
   "tn":"0",
   "tr":"0",
   "tt":"2",
   "un":"0",
   "up":"0",
   "ut":"0",
   "wb":"0"
  }
 },
 {
  "states_daily":{
   "an":"0",
   "ap":"0",
   "ar":"0",
   "as":"0",
   "br":"0",
   "ch":"0",
   "ct":"0",
   "date":"15-Mar-20",
   "dateymd":"2020-03-15",
   "dd":"0",
   "dl":"0",
   "dn":"0",
   "ga":"0",
   "gj":"0",
   "hp":"0",
   "hr":"0",
   "jh":"0",
   "jk":"0",
   "ka":"0",
   "kl":"5",
   "la":"0",
   "ld":"0",
   "mh":"18",
   "ml":"0",
   "mn":"0",
   "mp":"0",
   "mz":"0",
   "nl":"0",
   "or":"0",
   "pb":"0",
   "py":"0",
   "rj":"1",
   "sk":"0",
   "status":"Confirmed",
   "tg":"2",
   "tn":"0",
   "tr":"0",
   "tt":"27",
   "un":"0",
   "up":"1",
   "ut":"0",
   "wb":"0"
  }
 },
 {
  "states_daily":{
   "an":"0",
   "ap":"0",
   "ar":"0",
   "as":"0",
   "br":"0",
   "ch":"0",
   "ct":"0",
   "date":"15-Mar-20",
   "dateymd":"2020-03-15",
   "dd":"0",
   "dl":"1",
   "dn":"0",
   "ga":"0",
   "gj":"0",
   "hp":"0",
   "hr":"0",
   "jh":"0",
   "jk":"0",
   "ka":"0",
   "kl":"0",
   "la":"0",
   "ld":"0",
   "mh":"0",
   "ml":"0",
   "mn":"0",
   "mp":"0",
   "mz":"0",
   "nl":"0",
   "or":"0",
   "pb":"0",
   "py":"0",
   "rj":"2",
   "sk":"0",
   "status":"Recovered",
   "tg":"1",
   "tn":"0",
   "tr":"0",
   "tt":"4",
   "un":"0",
   "up":"0",
   "ut":"0",
   "wb":"0"
  }
 },
 {
  "states_daily":{
   "an":"0",
   "ap":"0",
   "ar":"0",
   "as":"0",
   "br":"0",
   "ch":"0",
   "ct":"0",
   "date":"15-Mar-20",
   "dateymd":"2020-03-15",
   "dd":"0",
   "dl":"0",
   "dn":"0",
   "ga":"0",
   "gj":"0",
   "hp":"0",
   "hr":"0",
   "jh":"0",
   "jk":"0",
   "ka":"0",
   "kl":"0",
   "la":"0",
   "ld":"0",
   "mh":"0",
   "ml":"0",
   "mn":"0",
   "mp":"0",
   "mz":"0",
   "nl":"0",
   "or":"0",
   "pb":"0",
   "py":"0",
   "rj":"0",
   "sk":"0",
   "status":"Deceased",
   "tg":"0",
   "tn":"0",
   "tr":"0",
   "tt":"0",
   "un":"0",
   "up":"0",
   "ut":"0",
   "wb":"0"
  }
 },
 {
  "states_daily":{
   "an":"0",
   "ap":"0",
   "ar":"0",
   "as":"0",
   "br":"0",
   "ch":"0",
   "ct":"0",
   "date":"16-Mar-20",
   "dateymd":"2020-03-16",
   "dd":"0",
   "dl":"0",
   "dn":"0",
   "ga":"0",
   "gj":"0",
   "hp":"0",
   "hr":"0",
   "jh":"0",
   "jk":"1",
   "ka":"1",
   "kl":"3",
   "la":"0",
   "ld":"0",
   "mh":"6",
   "ml":"0",
   "mn":"0",
   "mp":"0",
   "mz":"0",
   "nl":"0",
   "or":"1",
   "pb":"0",
   "py":"1",
   "rj":"0",
   "sk":"0",
   "status":"Confirmed",
   "tg":"1",
   "tn":"0",
   "tr":"0",
   "tt":"15",
   "un":"0",
   "up":"0",
   "ut":"1",
   "wb":"0"
  }
 },
 {
  "states_daily":{
   "an":"0",
   "ap":"0",
   "ar":"0",
   "as":"0",
   "br":"0",
   "ch":"0",
   "ct":"0",
   "date":"16-Mar-20",
   "dateymd":"2020-03-16",
   "dd":"0",
   "dl":"0",
   "dn":"0",
   "ga":"0",
   "gj":"0",
   "hp":"0",
   "hr":"0",
   "jh":"0",
   "jk":"0",
   "ka":"0",
   "kl":"0",
   "la":"0",
   "ld":"0",
   "mh":"0",
   "ml":"0",
   "mn":"0",
   "mp":"0",
   "mz":"0",
   "nl":"0",
   "or":"0",
   "pb":"0",
   "py":"0",
   "rj":"0",
   "sk":"0",
   "status":"Recovered",
   "tg":"0",
   "tn":"1",
   "tr":"0",
   "tt":"1",
   "un":"0",
   "up":"0",
   "ut":"0",
   "wb":"0"
  }
 },
 {
  "states_daily":{
   "an":"0",
   "ap":"0",
   "ar":"0",
   "as":"0",
   "br":"0",
   "ch":"0",
   "ct":"0",
   "date":"16-Mar-20",
   "dateymd":"2020-03-16",
   "dd":"0",
   "dl":"0",
   "dn":"0",
   "ga":"0",
   "gj":"0",
   "hp":"0",
   "hr":"0",
   "jh":"0",
   "jk":"0",
   "ka":"0",
   "kl":"0",
   "la":"0",
   "ld":"0",
   "mh":"0",
   "ml":"0",
   "mn":"0",
   "mp":"0",
   "mz":"0",
   "nl":"0",
   "or":"0",
   "pb":"0",
   "py":"0",
   "rj":"0",
   "sk":"0",
   "status":"Deceased",
   "tg":"0",
   "tn":"0",
   "tr":"0",
   "tt":"0",
   "un":"0",
   "up":"0",
   "ut":"0",
   "wb":"0"
  }
 },
 {
  "states_daily":{
   "an":"0",
   "ap":"0",
   "ar":"0",
   "as":"0",
   "br":"0",
   "ch":"0",
   "ct":"0",
   "date":"17-Mar-20",
   "dateymd":"2020-03-17",
   "dd":"0",
   "dl":"1",
   "dn":"0",
   "ga":"0",
   "gj":"0",
   "hp":"0",
   "hr":"1",
   "jh":"0",
   "jk":"0",
   "ka":"2",
   "kl":"0",
   "la":"0",
   "ld":"0",
   "mh":"3",
   "ml":"0",
   "mn":"0",
   "mp":"0",
   "mz":"0",
   "nl":"0",
   "or":"0",
   "pb":"0",
   "py":"0",
   "rj":"0",
   "sk":"0",
   "status":"Confirmed",
   "tg":"1",
   "tn":"0",
   "tr":"0",
   "tt":"11",
   "un":"0",
   "up":"2",
   "ut":"0",
   "wb":"1"
  }
 },
 {
  "states_daily":{
   "an":"0",
   "ap":"0",
   "ar":"0",
   "as":"0",
   "br":"0",
   "ch":"0",
   "ct":"0",
   "date":"17-Mar-20",
   "dateymd":"2020-03-17",
   "dd":"0",
   "dl":"0",
   "dn":"0",
   "ga":"0",
   "gj":"0",
   "hp":"0",
   "hr":"0",
   "jh":"0",
   "jk":"0",
   "ka":"0",
   "kl":"0",
   "la":"0",
   "ld":"0",
   "mh":"0",
   "ml":"0",
   "mn":"0",
   "mp":"0",
   "mz":"0",
   "nl":"0",
   "or":"0",
   "pb":"0",
   "py":"0",
   "rj":"0",
   "sk":"0",
   "status":"Recovered",
   "tg":"0",
   "tn":"0",
   "tr":"0",
   "tt":"1",
   "un":"0",
   "up":"1",
   "ut":"0",
   "wb":"0"
  }
 },
 {
  "states_daily":{
   "an":"0",
   "ap":"0",
   "ar":"0",
   "as":"0",
   "br":"0",
   "ch":"0",
   "ct":"0",
   "date":"17-Mar-20",
   "dateymd":"2020-03-17",
   "dd":"0",
   "dl":"0",
   "dn":"0",
   "ga":"0",
   "gj":"0",
   "hp":"0",
   "hr":"0",
   "jh":"0",
   "jk":"0",
   "ka":"0",
   "kl":"0",
   "la":"0",
   "ld":"0",
   "mh":"1",
   "ml":"0",
   "mn":"0",
   "mp":"0",
   "mz":"0",
   "nl":"0",
   "or":"0",
   "pb":"0",
   "py":"0",
   "rj":"0",
   "sk":"0",
   "status":"Deceased",
   "tg":"0",
   "tn":"0",
   "tr":"0",
   "tt":"1",
   "un":"0",
   "up":"0",
   "ut":"0",
   "wb":"0"
  }
 },
 {
  "states_daily":{
   "an":"0",
   "ap":"0",
   "ar":"0",
   "as":"0",
   "br":"0",
   "ch":"0",
   "ct":"0",
   "date":"18-Mar-20",
   "dateymd":"2020-03-18",
   "dd":"0",
   "dl":"2",
   "dn":"0",
   "ga":"0",
   "gj":"0",
   "hp":"0",
   "hr":"1",
   "jh":"0",
   "jk":"1",
   "ka":"5",
   "kl":"0",
   "la":"8",
   "ld":"0",
   "mh":"3",
   "ml":"0",
   "mn":"0",
   "mp":"0",
   "mz":"0",
   "nl":"0",
   "or":"1",
   "pb":"1",
   "py":"0",
   "rj":"3",
   "sk":"0",
   "status":"Confirmed",
   "tg":"8",
   "tn":"1",
   "tr":"0",
   "tt":"37",
   "un":"0",
   "up":"2",
   "ut":"1",
   "wb":"0"
  }
 },
 {
  "states_daily":{
   "an":"0",
   "ap":"0",
   "ar":"0",
   "as":"0",
   "br":"0",
   "ch":"0",
   "ct":"0",
   "date":"18-Mar-20",
   "dateymd":"2020-03-18",
   "dd":"0",
   "dl":"0",
   "dn":"0",
   "ga":"0",
   "gj":"0",
   "hp":"0",
   "hr":"0",
   "jh":"0",
   "jk":"0",
   "ka":"0",
   "kl":"0",
   "la":"0",
   "ld":"0",
   "mh":"0",
   "ml":"0",
   "mn":"0",
   "mp":"0",
   "mz":"0",
   "nl":"0",
   "or":"0",
   "pb":"0",
   "py":"0",
   "rj":"0",
   "sk":"0",
   "status":"Recovered",
   "tg":"0",
   "tn":"0",
   "tr":"0",
   "tt":"0",
   "un":"0",
   "up":"0",
   "ut":"0",
   "wb":"0"
  }
 },
 {
  "states_daily":{
   "an":"0",
   "ap":"0",
   "ar":"0",
   "as":"0",
   "br":"0",
   "ch":"0",
   "ct":"0",
   "date":"18-Mar-20",
   "dateymd":"2020-03-18",
   "dd":"0",
   "dl":"0",
   "dn":"0",
   "ga":"0",
   "gj":"0",
   "hp":"0",
   "hr":"0",
   "jh":"0",
   "jk":"0",
   "ka":"0",
   "kl":"0",
   "la":"0",
   "ld":"0",
   "mh":"0",
   "ml":"0",
   "mn":"0",
   "mp":"0",
   "mz":"0",
   "nl":"0",
   "or":"0",
   "pb":"0",
   "py":"0",
   "rj":"0",
   "sk":"0",
   "status":"Deceased",
   "tg":"0",
   "tn":"0",
   "tr":"0",
   "tt":"0",
   "un":"0",
   "up":"0",
   "ut":"0",
   "wb":"0"
  }
 },
 {
  "states_daily":{
   "an":"0",
   "ap":"2",
   "ar":"0",
   "as":"0",
   "br":"0",
   "ch":"1",
   "ct":"1",
   "date":"19-Mar-20",
   "dateymd":"2020-03-19",
   "dd":"0",
   "dl":"4",
   "dn":"0",
   "ga":"0",
   "gj":"2",
   "hp":"0",
   "hr":"1",
   "jh":"0",
   "jk":"0",
   "ka":"1",
   "kl":"1",
   "la":"0",
   "ld":"0",
   "mh":"4",
   "ml":"0",
   "mn":"0",
   "mp":"0",
   "mz":"0",
   "nl":"0",
   "or":"0",
   "pb":"0",
   "py":"0",
   "rj":"2",
   "sk":"0",
   "status":"Confirmed",
   "tg":"3",
   "tn":"1",
   "tr":"0",
   "tt":"27",
   "un":"0",
   "up":"3",
   "ut":"1",
   "wb":"0"
  }
 },
 {
  "states_daily":{
   "an":"0",
   "ap":"0",
   "ar":"0",
   "as":"0",
   "br":"0",
   "ch":"0",
   "ct":"0",
   "date":"19-Mar-20",
   "dateymd":"2020-03-19",
   "dd":"0",
   "dl":"1",
   "dn":"0",
   "ga":"0",
   "gj":"0",
   "hp":"0",
   "hr":"0",
   "jh":"0",
   "jk":"0",
   "ka":"0",
   "kl":"0",
   "la":"0",
   "ld":"0",
   "mh":"0",
   "ml":"0",
   "mn":"0",
   "mp":"0",
   "mz":"0",
   "nl":"0",
   "or":"0",
   "pb":"0",
   "py":"0",
   "rj":"0",
   "sk":"0",
   "status":"Recovered",
   "tg":"0",
   "tn":"0",
   "tr":"0",
   "tt":"5",
   "un":"0",
   "up":"4",
   "ut":"0",
   "wb":"0"
  }
 },
 {
  "states_daily":{
   "an":"0",
   "ap":"0",
   "ar":"0",
   "as":"0",
   "br":"0",
   "ch":"0",
   "ct":"0",
   "date":"19-Mar-20",
   "dateymd":"2020-03-19",
   "dd":"0",
   "dl":"0",
   "dn":"0",
   "ga":"0",
   "gj":"0",
   "hp":"0",
   "hr":"0",
   "jh":"0",
   "jk":"0",
   "ka":"0",
   "kl":"0",
   "la":"0",
   "ld":"0",
   "mh":"0",
   "ml":"0",
   "mn":"0",
   "mp":"0",
   "mz":"0",
   "nl":"0",
   "or":"0",
   "pb":"1",
   "py":"0",
   "rj":"0",
   "sk":"0",
   "status":"Deceased",
   "tg":"0",
   "tn":"0",
   "tr":"0",
   "tt":"1",
   "un":"0",
   "up":"0",
   "ut":"0",
   "wb":"0"
  }
 },
 {
  "states_daily":{
   "an":"0",
   "ap":"0",
   "ar":"0",
   "as":"0",
   "br":"0",
   "ch":"4",
   "ct":"0",
   "date":"20-Mar-20",
   "dateymd":"2020-03-20",
   "dd":"0",
   "dl":"6",
   "dn":"0",
   "ga":"0",
   "gj":"5",
   "hp":"2",
   "hr":"2",
   "jh":"0",
   "jk":"0",
   "ka":"0",
   "kl":"12",
   "la":"2",
   "ld":"0",
   "mh":"4",
   "ml":"0",
   "mn":"0",
   "mp":"4",
   "mz":"0",
   "nl":"0",
   "or":"0",
   "pb":"1",
   "py":"0",
   "rj":"8",
   "sk":"0",
   "status":"Confirmed",
   "tg":"3",
   "tn":"0",
   "tr":"0",
   "tt":"58",
   "un":"0",
   "up":"4",
   "ut":"0",
   "wb":"1"
  }
 },
 {
  "states_daily":{
   "an":"0",
   "ap":"0",
   "ar":"0",
   "as":"0",
   "br":"0",
   "ch":"0",
   "ct":"0",
   "date":"20-Mar-20",
   "dateymd":"2020-03-20",
   "dd":"0",
   "dl":"2",
   "dn":"0",
   "ga":"0",
   "gj":"0",
   "hp":"0",
   "hr":"0",
   "jh":"0",
   "jk":"0",
   "ka":"1",
   "kl":"0",
   "la":"0",
   "ld":"0",
   "mh":"0",
   "ml":"0",
   "mn":"0",
   "mp":"0",
   "mz":"0",
   "nl":"0",
   "or":"0",
   "pb":"0",
   "py":"0",
   "rj":"0",
   "sk":"0",
   "status":"Recovered",
   "tg":"0",
   "tn":"0",
   "tr":"0",
   "tt":"3",
   "un":"0",
   "up":"0",
   "ut":"0",
   "wb":"0"
  }
 },
 {
  "states_daily":{
   "an":"0",
   "ap":"0",
   "ar":"0",
   "as":"0",
   "br":"0",
   "ch":"0",
   "ct":"0",
   "date":"20-Mar-20",
   "dateymd":"2020-03-20",
   "dd":"0",
   "dl":"0",
   "dn":"0",
   "ga":"0",
   "gj":"0",
   "hp":"0",
   "hr":"0",
   "jh":"0",
   "jk":"0",
   "ka":"0",
   "kl":"0",
   "la":"0",
   "ld":"0",
   "mh":"0",
   "ml":"0",
   "mn":"0",
   "mp":"0",
   "mz":"0",
   "nl":"0",
   "or":"0",
   "pb":"0",
   "py":"0",
   "rj":"0",
   "sk":"0",
   "status":"Deceased",
   "tg":"0",
   "tn":"0",
   "tr":"0",
   "tt":"0",
   "un":"0",
   "up":"0",
   "ut":"0",
   "wb":"0"
  }
 },
 {
  "states_daily":{
   "an":"0",
   "ap":"2",
   "ar":"0",
   "as":"0",
   "br":"0",
   "ch":"0",
   "ct":"0",
   "date":"21-Mar-20",
   "dateymd":"2020-03-21",
   "dd":"0",
   "dl":"7",
   "dn":"0",
   "ga":"0",
   "gj":"7",
   "hp":"0",
   "hr":"2",
   "jh":"0",
   "jk":"0",
   "ka":"5",
   "kl":"12",
   "la":"3",
   "ld":"0",
   "mh":"12",
   "ml":"0",
   "mn":"0",
   "mp":"0",
   "mz":"0",
   "nl":"0",
   "or":"0",
   "pb":"10",
   "py":"0",
   "rj":"7",
   "sk":"0",
   "status":"Confirmed",
   "tg":"2",
   "tn":"3",
   "tr":"0",
   "tt":"78",
   "un":"0",
   "up":"4",
   "ut":"0",
   "wb":"2"
  }
 },
 {
  "states_daily":{
   "an":"0",
   "ap":"0",
   "ar":"0",
   "as":"0",
   "br":"0",
   "ch":"0",
   "ct":"0",
   "date":"21-Mar-20",
   "dateymd":"2020-03-21",
   "dd":"0",
   "dl":"0",
   "dn":"0",
   "ga":"0",
   "gj":"0",
   "hp":"0",
   "hr":"0",
   "jh":"0",
   "jk":"0",
   "ka":"0",
   "kl":"0",
   "la":"0",
   "ld":"0",
   "mh":"0",
   "ml":"0",
   "mn":"0",
   "mp":"0",
   "mz":"0",
   "nl":"0",
   "or":"0",
   "pb":"0",
   "py":"0",
   "rj":"0",
   "sk":"0",
   "status":"Recovered",
   "tg":"0",
   "tn":"0",
   "tr":"0",
   "tt":"0",
   "un":"0",
   "up":"0",
   "ut":"0",
   "wb":"0"
  }
 },
 {
  "states_daily":{
   "an":"0",
   "ap":"0",
   "ar":"0",
   "as":"0",
   "br":"0",
   "ch":"0",
   "ct":"0",
   "date":"21-Mar-20",
   "dateymd":"2020-03-21",
   "dd":"0",
   "dl":"0",
   "dn":"0",
   "ga":"0",
   "gj":"0",
   "hp":"0",
   "hr":"0",
   "jh":"0",
   "jk":"0",
   "ka":"0",
   "kl":"0",
   "la":"0",
   "ld":"0",
   "mh":"0",
   "ml":"0",
   "mn":"0",
   "mp":"0",
   "mz":"0",
   "nl":"0",
   "or":"0",
   "pb":"0",
   "py":"0",
   "rj":"0",
   "sk":"0",
   "status":"Deceased",
   "tg":"0",
   "tn":"0",
   "tr":"0",
   "tt":"0",
   "un":"0",
   "up":"0",
   "ut":"0",
   "wb":"0"
  }
 },
 {
  "states_daily":{
   "an":"0",
   "ap":"1",
   "ar":"0",
   "as":"0",
   "br":"2",
   "ch":"1",
   "ct":"0",
   "date":"22-Mar-20",
   "dateymd":"2020-03-22",
   "dd":"0",
   "dl":"0",
   "dn":"0",
   "ga":"0",
   "gj":"4",
   "hp":"0",
   "hr":"0",
   "jh":"0",
   "jk":"0",
   "ka":"6",
   "kl":"15",
   "la":"0",
   "ld":"0",
   "mh":"10",
   "ml":"0",
   "mn":"0",
   "mp":"2",
   "mz":"0",
   "nl":"0",
   "or":"0",
   "pb":"8",
   "py":"0",
   "rj":"4",
   "sk":"0",
   "status":"Confirmed",
   "tg":"6",
   "tn":"3",
   "tr":"0",
   "tt":"67",
   "un":"0",
   "up":"2",
   "ut":"0",
   "wb":"3"
  }
 },
 {
  "states_daily":{
   "an":"0",
   "ap":"0",
   "ar":"0",
   "as":"0",
   "br":"0",
   "ch":"0",
   "ct":"0",
   "date":"22-Mar-20",
   "dateymd":"2020-03-22",
   "dd":"0",
   "dl":"0",
   "dn":"0",
   "ga":"0",
   "gj":"0",
   "hp":"0",
   "hr":"0",
   "jh":"0",
   "jk":"0",
   "ka":"0",
   "kl":"0",
   "la":"0",
   "ld":"0",
   "mh":"0",
   "ml":"0",
   "mn":"0",
   "mp":"0",
   "mz":"0",
   "nl":"0",
   "or":"0",
   "pb":"0",
   "py":"0",
   "rj":"0",
   "sk":"0",
   "status":"Recovered",
   "tg":"0",
   "tn":"0",
   "tr":"0",
   "tt":"0",
   "un":"0",
   "up":"0",
   "ut":"0",
   "wb":"0"
  }
 },
 {
  "states_daily":{
   "an":"0",
   "ap":"0",
   "ar":"0",
   "as":"0",
   "br":"1",
   "ch":"0",
   "ct":"0",
   "date":"22-Mar-20",
   "dateymd":"2020-03-22",
   "dd":"0",
   "dl":"0",
   "dn":"0",
   "ga":"0",
   "gj":"1",
   "hp":"0",
   "hr":"0",
   "jh":"0",
   "jk":"0",
   "ka":"0",
   "kl":"0",
   "la":"0",
   "ld":"0",
   "mh":"1",
   "ml":"0",
   "mn":"0",
   "mp":"0",
   "mz":"0",
   "nl":"0",
   "or":"0",
   "pb":"0",
   "py":"0",
   "rj":"0",
   "sk":"0",
   "status":"Deceased",
   "tg":"0",
   "tn":"0",
   "tr":"0",
   "tt":"3",
   "un":"0",
   "up":"0",
   "ut":"0",
   "wb":"0"
  }
 },
 {
  "states_daily":{
   "an":"0",
   "ap":"1",
   "ar":"0",
   "as":"0",
   "br":"1",
   "ch":"1",
   "ct":"0",
   "date":"23-Mar-20",
   "dateymd":"2020-03-23",
   "dd":"0",
   "dl":"3",
   "dn":"0",
   "ga":"0",
   "gj":"12",
   "hp":"1",
   "hr":"7",
   "jh":"0",
   "jk":"0",
   "ka":"7",
   "kl":"28",
   "la":"0",
   "ld":"0",
   "mh":"23",
   "ml":"0",
   "mn":"0",
   "mp":"0",
   "mz":"0",
   "nl":"0",
   "or":"0",
   "pb":"2",
   "py":"0",
   "rj":"4",
   "sk":"0",
   "status":"Confirmed",
   "tg":"6",
   "tn":"3",
   "tr":"0",
   "tt":"102",
   "un":"0",
   "up":"2",
   "ut":"1",
   "wb":"0"
  }
 },
 {
  "states_daily":{
   "an":"0",
   "ap":"0",
   "ar":"0",
   "as":"0",
   "br":"0",
   "ch":"0",
   "ct":"0",
   "date":"23-Mar-20",
   "dateymd":"2020-03-23",
   "dd":"0",
   "dl":"0",
   "dn":"0",
   "ga":"0",
   "gj":"0",
   "hp":"0",
   "hr":"11",
   "jh":"0",
   "jk":"0",
   "ka":"1",
   "kl":"0",
   "la":"0",
   "ld":"0",
   "mh":"0",
   "ml":"0",
   "mn":"0",
   "mp":"0",
   "mz":"0",
   "nl":"0",
   "or":"0",
   "pb":"0",
   "py":"0",
   "rj":"0",
   "sk":"0",
   "status":"Recovered",
   "tg":"0",
   "tn":"0",
   "tr":"0",
   "tt":"12",
   "un":"0",
   "up":"0",
   "ut":"0",
   "wb":"0"
  }
 },
 {
  "states_daily":{
   "an":"0",
   "ap":"0",
   "ar":"0",
   "as":"0",
   "br":"0",
   "ch":"0",
   "ct":"0",
   "date":"23-Mar-20",
   "dateymd":"2020-03-23",
   "dd":"0",
   "dl":"0",
   "dn":"0",
   "ga":"0",
   "gj":"0",
   "hp":"1",
   "hr":"0",
   "jh":"0",
   "jk":"0",
   "ka":"0",
   "kl":"0",
   "la":"0",
   "ld":"0",
   "mh":"0",
   "ml":"0",
   "mn":"0",
   "mp":"0",
   "mz":"0",
   "nl":"0",
   "or":"0",
   "pb":"0",
   "py":"0",
   "rj":"0",
   "sk":"0",
   "status":"Deceased",
   "tg":"0",
   "tn":"0",
   "tr":"0",
   "tt":"2",
   "un":"0",
   "up":"0",
   "ut":"0",
   "wb":"1"
  }
 },
 {
  "states_daily":{
   "an":"0",
   "ap":"1",
   "ar":"0",
   "as":"0",
   "br":"0",
   "ch":"0",
   "ct":"0",
   "date":"24-Mar-20",
   "dateymd":"2020-03-24",
   "dd":"0",
   "dl":"0",
   "dn":"0",
   "ga":"0",
   "gj":"4",
   "hp":"0",
   "hr":"2",
   "jh":"0",
   "jk":"2",
   "ka":"8",
   "kl":"14",
   "la":"0",
   "ld":"0",
   "mh":"10",
   "ml":"0",
   "mn":"1",
   "mp":"1",
   "mz":"0",
   "nl":"0",
   "or":"0",
   "pb":"6",
   "py":"0",
   "rj":"0",
   "sk":"0",
   "status":"Confirmed",
   "tg":"4",
   "tn":"6",
   "tr":"0",
   "tt":"64",
   "un":"0",
   "up":"3",
   "ut":"0",
   "wb":"2"
  }
 },
 {
  "states_daily":{
   "an":"0",
   "ap":"0",
   "ar":"0",
   "as":"0",
   "br":"0",
   "ch":"0",
   "ct":"0",
   "date":"24-Mar-20",
   "dateymd":"2020-03-24",
   "dd":"0",
   "dl":"1",
   "dn":"0",
   "ga":"0",
   "gj":"0",
   "hp":"0",
   "hr":"0",
   "jh":"0",
   "jk":"0",
   "ka":"1",
   "kl":"1",
   "la":"0",
   "ld":"0",
   "mh":"0",
   "ml":"0",
   "mn":"0",
   "mp":"0",
   "mz":"0",
   "nl":"0",
   "or":"0",
   "pb":"0",
   "py":"0",
   "rj":"0",
   "sk":"0",
   "status":"Recovered",
   "tg":"0",
   "tn":"0",
   "tr":"0",
   "tt":"5",
   "un":"0",
   "up":"2",
   "ut":"0",
   "wb":"0"
  }
 },
 {
  "states_daily":{
   "an":"0",
   "ap":"0",
   "ar":"0",
   "as":"0",
   "br":"0",
   "ch":"0",
   "ct":"0",
   "date":"24-Mar-20",
   "dateymd":"2020-03-24",
   "dd":"0",
   "dl":"0",
   "dn":"0",
   "ga":"0",
   "gj":"0",
   "hp":"0",
   "hr":"0",
   "jh":"0",
   "jk":"0",
   "ka":"0",
   "kl":"0",
   "la":"0",
   "ld":"0",
   "mh":"0",
   "ml":"0",
   "mn":"0",
   "mp":"0",
   "mz":"0",
   "nl":"0",
   "or":"0",
   "pb":"0",
   "py":"0",
   "rj":"0",
   "sk":"0",
   "status":"Deceased",
   "tg":"0",
   "tn":"1",
   "tr":"0",
   "tt":"1",
   "un":"0",
   "up":"0",
   "ut":"0",
   "wb":"0"
  }
 },
 {
  "states_daily":{
   "an":"0",
   "ap":"2",
   "ar":"0",
   "as":"0",
   "br":"1",
   "ch":"0",
   "ct":"2",
   "date":"25-Mar-20",
   "dateymd":"2020-03-25",
   "dd":"0",
   "dl":"5",
   "dn":"0",
   "ga":"3",
   "gj":"4",
   "hp":"0",
   "hr":"1",
   "jh":"0",
   "jk":"5",
   "ka":"10",
   "kl":"9",
   "la":"0",
   "ld":"0",
   "mh":"15",
   "ml":"0",
   "mn":"0",
   "mp":"8",
   "mz":"1",
   "nl":"0",
   "or":"0",
   "pb":"2",
   "py":"0",
   "rj":"6",
   "sk":"0",
   "status":"Confirmed",
   "tg":"4",
   "tn":"8",
   "tr":"0",
   "tt":"90",
   "un":"0",
   "up":"3",
   "ut":"1",
   "wb":"0"
  }
 },
 {
  "states_daily":{
   "an":"0",
   "ap":"1",
   "ar":"0",
   "as":"0",
   "br":"0",
   "ch":"0",
   "ct":"0",
   "date":"25-Mar-20",
   "dateymd":"2020-03-25",
   "dd":"0",
   "dl":"0",
   "dn":"0",
   "ga":"0",
   "gj":"0",
   "hp":"0",
   "hr":"0",
   "jh":"0",
   "jk":"1",
   "ka":"0",
   "kl":"0",
   "la":"0",
   "ld":"0",
   "mh":"1",
   "ml":"0",
   "mn":"0",
   "mp":"0",
   "mz":"0",
   "nl":"0",
   "or":"0",
   "pb":"0",
   "py":"0",
   "rj":"0",
   "sk":"0",
   "status":"Recovered",
   "tg":"0",
   "tn":"0",
   "tr":"0",
   "tt":"3",
   "un":"0",
   "up":"0",
   "ut":"0",
   "wb":"0"
  }
 },
 {
  "states_daily":{
   "an":"0",
   "ap":"0",
   "ar":"0",
   "as":"0",
   "br":"0",
   "ch":"0",
   "ct":"0",
   "date":"25-Mar-20",
   "dateymd":"2020-03-25",
   "dd":"0",
   "dl":"0",
   "dn":"0",
   "ga":"0",
   "gj":"0",
   "hp":"0",
   "hr":"0",
   "jh":"0",
   "jk":"0",
   "ka":"0",
   "kl":"0",
   "la":"0",
   "ld":"0",
   "mh":"0",
   "ml":"0",
   "mn":"0",
   "mp":"1",
   "mz":"0",
   "nl":"0",
   "or":"0",
   "pb":"0",
   "py":"0",
   "rj":"0",
   "sk":"0",
   "status":"Deceased",
   "tg":"0",
   "tn":"0",
   "tr":"0",
   "tt":"1",
   "un":"0",
   "up":"0",
   "ut":"0",
   "wb":"0"
  }
 },
 {
  "states_daily":{
   "an":"1",
   "ap":"1",
   "ar":"0",
   "as":"0",
   "br":"3",
   "ch":"0",
   "ct":"3",
   "date":"26-Mar-20",
   "dateymd":"2020-03-26",
   "dd":"0",
   "dl":"1",
   "dn":"0",
   "ga":"0",
   "gj":"5",
   "hp":"0",
   "hr":"1",
   "jh":"0",
   "jk":"3",
   "ka":"4",
   "kl":"19",
   "la":"0",
   "ld":"0",
   "mh":"3",
   "ml":"0",
   "mn":"0",
   "mp":"5",
   "mz":"0",
   "nl":"0",
   "or":"1",
   "pb":"2",
   "py":"0",
   "rj":"2",
   "sk":"0",
   "status":"Confirmed",
   "tg":"3",
   "tn":"3",
   "tr":"0",
   "tt":"65",
   "un":"0",
   "up":"4",
   "ut":"0",
   "wb":"1"
  }
 },
 {
  "states_daily":{
   "an":"0",
   "ap":"0",
   "ar":"0",
   "as":"0",
   "br":"0",
   "ch":"0",
   "ct":"0",
   "date":"26-Mar-20",
   "dateymd":"2020-03-26",
   "dd":"0",
   "dl":"0",
   "dn":"0",
   "ga":"0",
   "gj":"0",
   "hp":"0",
   "hr":"0",
   "jh":"0",
   "jk":"0",
   "ka":"0",
   "kl":"7",
   "la":"0",
   "ld":"0",
   "mh":"0",
   "ml":"0",
   "mn":"0",
   "mp":"0",
   "mz":"0",
   "nl":"0",
   "or":"0",
   "pb":"0",
   "py":"0",
   "rj":"0",
   "sk":"0",
   "status":"Recovered",
   "tg":"0",
   "tn":"0",
   "tr":"0",
   "tt":"7",
   "un":"0",
   "up":"0",
   "ut":"0",
   "wb":"0"
  }
 },
 {
  "states_daily":{
   "an":"0",
   "ap":"0",
   "ar":"0",
   "as":"0",
   "br":"0",
   "ch":"0",
   "ct":"0",
   "date":"26-Mar-20",
   "dateymd":"2020-03-26",
   "dd":"0",
   "dl":"0",
   "dn":"0",
   "ga":"0",
   "gj":"2",
   "hp":"0",
   "hr":"0",
   "jh":"0",
   "jk":"1",
   "ka":"1",
   "kl":"0",
   "la":"0",
   "ld":"0",
   "mh":"1",
   "ml":"0",
   "mn":"0",
   "mp":"0",
   "mz":"0",
   "nl":"0",
   "or":"0",
   "pb":"0",
   "py":"0",
   "rj":"0",
   "sk":"0",
   "status":"Deceased",
   "tg":"0",
   "tn":"0",
   "tr":"0",
   "tt":"5",
   "un":"0",
   "up":"0",
   "ut":"0",
   "wb":"0"
  }
 },
 {
  "states_daily":{
   "an":"5",
   "ap":"2",
   "ar":"0",
   "as":"0",
   "br":"2",
   "ch":"1",
   "ct":"0",
   "date":"27-Mar-20",
   "dateymd":"2020-03-27",
   "dd":"0",
   "dl":"4",
   "dn":"0",
   "ga":"0",
   "gj":"4",
   "hp":"0",
   "hr":"1",
   "jh":"0",
   "jk":"6",
   "ka":"9",
   "kl":"39",
   "la":"0",
   "ld":"0",
   "mh":"31",
   "ml":"0",
   "mn":"0",
   "mp":"9",
   "mz":"0",
   "nl":"0",
   "or":"0",
   "pb":"5",
   "py":"0",
   "rj":"10",
   "sk":"0",
   "status":"Confirmed",
   "tg":"15",
   "tn":"9",
   "tr":"0",
   "tt":"164",
   "un":"0",
   "up":"7",
   "ut":"0",
   "wb":"5"
  }
 },
 {
  "states_daily":{
   "an":"0",
   "ap":"0",
   "ar":"0",
   "as":"0",
   "br":"0",
   "ch":"0",
   "ct":"0",
   "date":"27-Mar-20",
   "dateymd":"2020-03-27",
   "dd":"0",
   "dl":"0",
   "dn":"0",
   "ga":"0",
   "gj":"0",
   "hp":"1",
   "hr":"0",
   "jh":"0",
   "jk":"0",
   "ka":"2",
   "kl":"0",
   "la":"3",
   "ld":"0",
   "mh":"18",
   "ml":"0",
   "mn":"0",
   "mp":"0",
   "mz":"0",
   "nl":"0",
   "or":"0",
   "pb":"1",
   "py":"0",
   "rj":"0",
   "sk":"0",
   "status":"Recovered",
   "tg":"0",
   "tn":"1",
   "tr":"0",
   "tt":"26",
   "un":"0",
   "up":"0",
   "ut":"0",
   "wb":"0"
  }
 },
 {
  "states_daily":{
   "an":"0",
   "ap":"0",
   "ar":"0",
   "as":"0",
   "br":"0",
   "ch":"0",
   "ct":"0",
   "date":"27-Mar-20",
   "dateymd":"2020-03-27",
   "dd":"0",
   "dl":"0",
   "dn":"0",
   "ga":"0",
   "gj":"0",
   "hp":"0",
   "hr":"0",
   "jh":"0",
   "jk":"0",
   "ka":"1",
   "kl":"0",
   "la":"0",
   "ld":"0",
   "mh":"1",
   "ml":"0",
   "mn":"0",
   "mp":"1",
   "mz":"0",
   "nl":"0",
   "or":"0",
   "pb":"0",
   "py":"0",
   "rj":"0",
   "sk":"0",
   "status":"Deceased",
   "tg":"0",
   "tn":"0",
   "tr":"0",
   "tt":"3",
   "un":"0",
   "up":"0",
   "ut":"0",
   "wb":"0"
  }
 },
 {
  "states_daily":{
   "an":"3",
   "ap":"6",
   "ar":"0",
   "as":"0",
   "br":"2",
   "ch":"0",
   "ct":"1",
   "date":"28-Mar-20",
   "dateymd":"2020-03-28",
   "dd":"0",
   "dl":"9",
   "dn":"0",
   "ga":"0",
   "gj":"8",
   "hp":"0",
   "hr":"2",
   "jh":"0",
   "jk":"13",
   "ka":"17",
   "kl":"6",
   "la":"0",
   "ld":"0",
   "mh":"30",
   "ml":"0",
   "mn":"0",
   "mp":"10",
   "mz":"0",
   "nl":"0",
   "or":"0",
   "pb":"0",
   "py":"0",
   "rj":"4",
   "sk":"0",
   "status":"Confirmed",
   "tg":"8",
   "tn":"4",
   "tr":"0",
   "tt":"143",
   "un":"0",
   "up":"16",
   "ut":"1",
   "wb":"3"
  }
 },
 {
  "states_daily":{
   "an":"0",
   "ap":"0",
   "ar":"0",
   "as":"0",
   "br":"0",
   "ch":"0",
   "ct":"0",
   "date":"28-Mar-20",
   "dateymd":"2020-03-28",
   "dd":"0",
   "dl":"0",
   "dn":"0",
   "ga":"0",
   "gj":"0",
   "hp":"1",
   "hr":"0",
   "jh":"0",
   "jk":"0",
   "ka":"0",
   "kl":"1",
   "la":"0",
   "ld":"0",
   "mh":"6",
   "ml":"0",
   "mn":"0",
   "mp":"0",
   "mz":"0",
   "nl":"0",
   "or":"0",
   "pb":"0",
   "py":"0",
   "rj":"0",
   "sk":"0",
   "status":"Recovered",
   "tg":"0",
   "tn":"0",
   "tr":"0",
   "tt":"9",
   "un":"0",
   "up":"0",
   "ut":"1",
   "wb":"0"
  }
 },
 {
  "states_daily":{
   "an":"0",
   "ap":"0",
   "ar":"0",
   "as":"0",
   "br":"0",
   "ch":"0",
   "ct":"0",
   "date":"28-Mar-20",
   "dateymd":"2020-03-28",
   "dd":"0",
   "dl":"0",
   "dn":"0",
   "ga":"0",
   "gj":"1",
   "hp":"0",
   "hr":"0",
   "jh":"0",
   "jk":"0",
   "ka":"0",
   "kl":"1",
   "la":"0",
   "ld":"0",
   "mh":"2",
   "ml":"0",
   "mn":"0",
   "mp":"0",
   "mz":"0",
   "nl":"0",
   "or":"0",
   "pb":"0",
   "py":"0",
   "rj":"0",
   "sk":"0",
   "status":"Deceased",
   "tg":"1",
   "tn":"0",
   "tr":"0",
   "tt":"5",
   "un":"0",
   "up":"0",
   "ut":"0",
   "wb":"0"
  }
 },
 {
  "states_daily":{
   "an":"0",
   "ap":"2",
   "ar":"0",
   "as":"0",
   "br":"4",
   "ch":"0",
   "ct":"0",
   "date":"29-Mar-20",
   "dateymd":"2020-03-29",
   "dd":"0",
   "dl":"23",
   "dn":"0",
   "ga":"2",
   "gj":"8",
   "hp":"0",
   "hr":"0",
   "jh":"0",
   "jk":"5",
   "ka":"2",
   "kl":"20",
   "la":"0",
   "ld":"0",
   "mh":"17",
   "ml":"0",
   "mn":"0",
   "mp":"0",
   "mz":"0",
   "nl":"0",
   "or":"0",
   "pb":"0",
   "py":"0",
   "rj":"5",
   "sk":"0",
   "status":"Confirmed",
   "tg":"3",
   "tn":"8",
   "tr":"0",
   "tt":"110",
   "un":"0",
   "up":"7",
   "ut":"1",
   "wb":"3"
  }
 },
 {
  "states_daily":{
   "an":"0",
   "ap":"0",
   "ar":"0",
   "as":"0",
   "br":"0",
   "ch":"0",
   "ct":"0",
   "date":"29-Mar-20",
   "dateymd":"2020-03-29",
   "dd":"0",
   "dl":"0",
   "dn":"0",
   "ga":"0",
   "gj":"1",
   "hp":"0",
   "hr":"0",
   "jh":"0",
   "jk":"0",
   "ka":"0",
   "kl":"4",
   "la":"0",
   "ld":"0",
   "mh":"0",
   "ml":"0",
   "mn":"0",
   "mp":"0",
   "mz":"0",
   "nl":"0",
   "or":"0",
   "pb":"0",
   "py":"0",
   "rj":"0",
   "sk":"0",
   "status":"Recovered",
   "tg":"0",
   "tn":"0",
   "tr":"0",
   "tt":"5",
   "un":"0",
   "up":"0",
   "ut":"0",
   "wb":"0"
  }
 },
 {
  "states_daily":{
   "an":"0",
   "ap":"0",
   "ar":"0",
   "as":"0",
   "br":"0",
   "ch":"0",
   "ct":"0",
   "date":"29-Mar-20",
   "dateymd":"2020-03-29",
   "dd":"0",
   "dl":"1",
   "dn":"0",
   "ga":"0",
   "gj":"1",
   "hp":"0",
   "hr":"0",
   "jh":"0",
   "jk":"0",
   "ka":"0",
   "kl":"0",
   "la":"0",
   "ld":"0",
   "mh":"1",
   "ml":"0",
   "mn":"0",
   "mp":"0",
   "mz":"0",
   "nl":"0",
   "or":"0",
   "pb":"0",
   "py":"0",
   "rj":"0",
   "sk":"0",
   "status":"Deceased",
   "tg":"0",
   "tn":"0",
   "tr":"0",
   "tt":"3",
   "un":"0",
   "up":"0",
   "ut":"0",
   "wb":"0"
  }
 },
 {
  "states_daily":{
   "an":"1",
   "ap":"2",
   "ar":"0",
   "as":"0",
   "br":"0",
   "ch":"5",
   "ct":"1",
   "date":"30-Mar-20",
   "dateymd":"2020-03-30",
   "dd":"0",
   "dl":"25",
   "dn":"0",
   "ga":"0",
   "gj":"7",
   "hp":"0",
   "hr":"1",
   "jh":"0",
   "jk":"11",
   "ka":"5",
   "kl":"32",
   "la":"0",
   "ld":"0",
   "mh":"17",
   "ml":"0",
   "mn":"0",
   "mp":"8",
   "mz":"0",
   "nl":"0",
   "or":"0",
   "pb":"3",
   "py":"0",
   "rj":"20",
   "sk":"0",
   "status":"Confirmed",
   "tg":"7",
   "tn":"17",
   "tr":"0",
   "tt":"187",
   "un":"0",
   "up":"24",
   "ut":"0",
   "wb":"1"
  }
 },
 {
  "states_daily":{
   "an":"0",
   "ap":"0",
   "ar":"0",
   "as":"0",
   "br":"0",
   "ch":"0",
   "ct":"0",
   "date":"30-Mar-20",
   "dateymd":"2020-03-30",
   "dd":"0",
   "dl":"0",
   "dn":"0",
   "ga":"0",
   "gj":"2",
   "hp":"0",
   "hr":"6",
   "jh":"0",
   "jk":"0",
   "ka":"1",
   "kl":"4",
   "la":"0",
   "ld":"0",
   "mh":"14",
   "ml":"0",
   "mn":"0",
   "mp":"0",
   "mz":"0",
   "nl":"0",
   "or":"0",
   "pb":"0",
   "py":"0",
   "rj":"0",
   "sk":"0",
   "status":"Recovered",
   "tg":"13",
   "tn":"2",
   "tr":"0",
   "tt":"49",
   "un":"0",
   "up":"6",
   "ut":"1",
   "wb":"0"
  }
 },
 {
  "states_daily":{
   "an":"0",
   "ap":"0",
   "ar":"0",
   "as":"0",
   "br":"0",
   "ch":"0",
   "ct":"0",
   "date":"30-Mar-20",
   "dateymd":"2020-03-30",
   "dd":"0",
   "dl":"0",
   "dn":"0",
   "ga":"0",
   "gj":"1",
   "hp":"0",
   "hr":"0",
   "jh":"0",
   "jk":"0",
   "ka":"0",
   "kl":"0",
   "la":"0",
   "ld":"0",
   "mh":"2",
   "ml":"0",
   "mn":"0",
   "mp":"2",
   "mz":"0",
   "nl":"0",
   "or":"0",
   "pb":"2",
   "py":"0",
   "rj":"0",
   "sk":"0",
   "status":"Deceased",
   "tg":"5",
   "tn":"0",
   "tr":"0",
   "tt":"13",
   "un":"0",
   "up":"0",
   "ut":"0",
   "wb":"1"
  }
 },
 {
  "states_daily":{
   "an":"0",
   "ap":"21",
   "ar":"0",
   "as":"1",
   "br":"6",
   "ch":"2",
   "ct":"1",
   "date":"31-Mar-20",
   "dateymd":"2020-03-31",
   "dd":"0",
   "dl":"23",
   "dn":"0",
   "ga":"0",
   "gj":"4",
   "hp":"0",
   "hr":"7",
   "jh":"1",
   "jk":"6",
   "ka":"13",
   "kl":"7",
   "la":"0",
   "ld":"0",
   "mh":"82",
   "ml":"0",
   "mn":"0",
   "mp":"19",
   "mz":"0",
   "nl":"0",
   "or":"1",
   "pb":"1",
   "py":"0",
   "rj":"14",
   "sk":"0",
   "status":"Confirmed",
   "tg":"20",
   "tn":"57",
   "tr":"0",
   "tt":"309",
   "un":"0",
   "up":"8",
   "ut":"0",
   "wb":"15"
  }
 },
 {
  "states_daily":{
   "an":"0",
   "ap":"0",
   "ar":"0",
   "as":"0",
   "br":"0",
   "ch":"0",
   "ct":"2",
   "date":"31-Mar-20",
   "dateymd":"2020-03-31",
   "dd":"0",
   "dl":"0",
   "dn":"0",
   "ga":"0",
   "gj":"2",
   "hp":"0",
   "hr":"0",
   "jh":"0",
   "jk":"0",
   "ka":"2",
   "kl":"4",
   "la":"0",
   "ld":"0",
   "mh":"0",
   "ml":"0",
   "mn":"0",
   "mp":"0",
   "mz":"0",
   "nl":"0",
   "or":"0",
   "pb":"0",
   "py":"0",
   "rj":"0",
   "sk":"0",
   "status":"Recovered",
   "tg":"0",
   "tn":"2",
   "tr":"0",
   "tt":"15",
   "un":"0",
   "up":"0",
   "ut":"0",
   "wb":"3"
  }
 },
 {
  "states_daily":{
   "an":"0",
   "ap":"0",
   "ar":"0",
   "as":"0",
   "br":"0",
   "ch":"0",
   "ct":"0",
   "date":"31-Mar-20",
   "dateymd":"2020-03-31",
   "dd":"0",
   "dl":"0",
   "dn":"0",
   "ga":"0",
   "gj":"0",
   "hp":"0",
   "hr":"0",
   "jh":"0",
   "jk":"1",
   "ka":"0",
   "kl":"1",
   "la":"0",
   "ld":"0",
   "mh":"1",
   "ml":"0",
   "mn":"0",
   "mp":"1",
   "mz":"0",
   "nl":"0",
   "or":"0",
   "pb":"1",
   "py":"0",
   "rj":"0",
   "sk":"0",
   "status":"Deceased",
   "tg":"0",
   "tn":"0",
   "tr":"0",
   "tt":"6",
   "un":"0",
   "up":"0",
   "ut":"0",
   "wb":"1"
  }
 },
 {
  "states_daily":{
   "an":"0",
   "ap":"67",
   "ar":"0",
   "as":"15",
   "br":"3",
   "ch":"2",
   "ct":"0",
   "date":"01-Apr-20",
   "dateymd":"2020-04-01",
   "dd":"0",
   "dl":"32",
   "dn":"0",
   "ga":"0",
   "gj":"13",
   "hp":"0",
   "hr":"0",
   "jh":"0",
   "jk":"7",
   "ka":"9",
   "kl":"24",
   "la":"0",
   "ld":"0",
   "mh":"33",
   "ml":"0",
   "mn":"0",
   "mp":"32",
   "mz":"0",
   "nl":"0",
   "or":"1",
   "pb":"4",
   "py":"2",
   "rj":"27",
   "sk":"0",
   "status":"Confirmed",
   "tg":"30",
   "tn":"110",
   "tr":"0",
   "tt":"424",
   "un":"0",
   "up":"13",
   "ut":"0",
   "wb":"0"
  }
 },
 {
  "states_daily":{
   "an":"0",
   "ap":"1",
   "ar":"0",
   "as":"0",
   "br":"0",
   "ch":"0",
   "ct":"0",
   "date":"01-Apr-20",
   "dateymd":"2020-04-01",
   "dd":"0",
   "dl":"0",
   "dn":"0",
   "ga":"0",
   "gj":"0",
   "hp":"0",
   "hr":"10",
   "jh":"0",
   "jk":"1",
   "ka":"1",
   "kl":"2",
   "la":"0",
   "ld":"0",
   "mh":"0",
   "ml":"0",
   "mn":"0",
   "mp":"0",
   "mz":"0",
   "nl":"0",
   "or":"1",
   "pb":"0",
   "py":"0",
   "rj":"0",
   "sk":"0",
   "status":"Recovered",
   "tg":"0",
   "tn":"0",
   "tr":"0",
   "tt":"16",
   "un":"0",
   "up":"0",
   "ut":"0",
   "wb":"0"
  }
 },
 {
  "states_daily":{
   "an":"0",
   "ap":"0",
   "ar":"0",
   "as":"0",
   "br":"0",
   "ch":"0",
   "ct":"0",
   "date":"01-Apr-20",
   "dateymd":"2020-04-01",
   "dd":"0",
   "dl":"0",
   "dn":"0",
   "ga":"0",
   "gj":"0",
   "hp":"0",
   "hr":"0",
   "jh":"0",
   "jk":"0",
   "ka":"0",
   "kl":"0",
   "la":"0",
   "ld":"0",
   "mh":"3",
   "ml":"0",
   "mn":"0",
   "mp":"1",
   "mz":"0",
   "nl":"0",
   "or":"0",
   "pb":"0",
   "py":"0",
   "rj":"0",
   "sk":"0",
   "status":"Deceased",
   "tg":"3",
   "tn":"0",
   "tr":"0",
   "tt":"9",
   "un":"0",
   "up":"2",
   "ut":"0",
   "wb":"0"
  }
 },
 {
  "states_daily":{
   "an":"0",
   "ap":"38",
   "ar":"1",
   "as":"0",
   "br":"5",
   "ch":"1",
   "ct":"0",
   "date":"02-Apr-20",
   "dateymd":"2020-04-02",
   "dd":"0",
   "dl":"141",
   "dn":"0",
   "ga":"0",
   "gj":"1",
   "hp":"3",
   "hr":"6",
   "jh":"1",
   "jk":"8",
   "ka":"14",
   "kl":"21",
   "la":"0",
   "ld":"0",
   "mh":"88",
   "ml":"0",
   "mn":"1",
   "mp":"9",
   "mz":"0",
   "nl":"0",
   "or":"0",
   "pb":"1",
   "py":"2",
   "rj":"13",
   "sk":"0",
   "status":"Confirmed",
   "tg":"27",
   "tn":"75",
   "tr":"0",
   "tt":"486",
   "un":"0",
   "up":"11",
   "ut":"3",
   "wb":"16"
  }
 },
 {
  "states_daily":{
   "an":"0",
   "ap":"0",
   "ar":"0",
   "as":"0",
   "br":"3",
   "ch":"0",
   "ct":"1",
   "date":"02-Apr-20",
   "dateymd":"2020-04-02",
   "dd":"0",
   "dl":"2",
   "dn":"0",
   "ga":"0",
   "gj":"5",
   "hp":"0",
   "hr":"0",
   "jh":"0",
   "jk":"1",
   "ka":"2",
   "kl":"2",
   "la":"0",
   "ld":"0",
   "mh":"3",
   "ml":"0",
   "mn":"0",
   "mp":"0",
   "mz":"0",
   "nl":"0",
   "or":"0",
   "pb":"0",
   "py":"0",
   "rj":"0",
   "sk":"0",
   "status":"Recovered",
   "tg":"3",
   "tn":"0",
   "tr":"0",
   "tt":"22",
   "un":"0",
   "up":"0",
   "ut":"0",
   "wb":"0"
  }
 },
 {
  "states_daily":{
   "an":"0",
   "ap":"0",
   "ar":"0",
   "as":"0",
   "br":"0",
   "ch":"0",
   "ct":"0",
   "date":"02-Apr-20",
   "dateymd":"2020-04-02",
   "dd":"0",
   "dl":"2",
   "dn":"0",
   "ga":"0",
   "gj":"1",
   "hp":"0",
   "hr":"0",
   "jh":"0",
   "jk":"0",
   "ka":"0",
   "kl":"0",
   "la":"0",
   "ld":"0",
   "mh":"8",
   "ml":"0",
   "mn":"0",
   "mp":"2",
   "mz":"0",
   "nl":"0",
   "or":"0",
   "pb":"1",
   "py":"0",
   "rj":"0",
   "sk":"0",
   "status":"Deceased",
   "tg":"0",
   "tn":"0",
   "tr":"0",
   "tt":"14",
   "un":"0",
   "up":"0",
   "ut":"0",
   "wb":"0"
  }
 },
 {
  "states_daily":{
   "an":"0",
   "ap":"15",
   "ar":"0",
   "as":"7",
   "br":"2",
   "ch":"0",
   "ct":"0",
   "date":"03-Apr-20",
   "dateymd":"2020-04-03",
   "dd":"0",
   "dl":"93",
   "dn":"0",
   "ga":"1",
   "gj":"7",
   "hp":"0",
   "hr":"9",
   "jh":"0",
   "jk":"5",
   "ka":"4",
   "kl":"9",
   "la":"1",
   "ld":"0",
   "mh":"64",
   "ml":"0",
   "mn":"0",
   "mp":"47",
   "mz":"0",
   "nl":"0",
   "or":"15",
   "pb":"6",
   "py":"0",
   "rj":"46",
   "sk":"0",
   "status":"Confirmed",
   "tg":"75",
   "tn":"102",
   "tr":"0",
   "tt":"560",
   "un":"0",
   "up":"46",
   "ut":"6",
   "wb":"0"
  }
 },
 {
  "states_daily":{
   "an":"0",
   "ap":"0",
   "ar":"0",
   "as":"0",
   "br":"0",
   "ch":"0",
   "ct":"0",
   "date":"03-Apr-20",
   "dateymd":"2020-04-03",
   "dd":"0",
   "dl":"0",
   "dn":"0",
   "ga":"0",
   "gj":"0",
   "hp":"0",
   "hr":"0",
   "jh":"0",
   "jk":"0",
   "ka":"0",
   "kl":"14",
   "la":"0",
   "ld":"0",
   "mh":"8",
   "ml":"0",
   "mn":"0",
   "mp":"0",
   "mz":"0",
   "nl":"0",
   "or":"1",
   "pb":"0",
   "py":"0",
   "rj":"0",
   "sk":"0",
   "status":"Recovered",
   "tg":"15",
   "tn":"0",
   "tr":"0",
   "tt":"38",
   "un":"0",
   "up":"0",
   "ut":"0",
   "wb":"0"
  }
 },
 {
  "states_daily":{
   "an":"0",
   "ap":"1",
   "ar":"0",
   "as":"0",
   "br":"0",
   "ch":"0",
   "ct":"0",
   "date":"03-Apr-20",
   "dateymd":"2020-04-03",
   "dd":"0",
   "dl":"2",
   "dn":"0",
   "ga":"0",
   "gj":"2",
   "hp":"1",
   "hr":"0",
   "jh":"0",
   "jk":"0",
   "ka":"1",
   "kl":"0",
   "la":"0",
   "ld":"0",
   "mh":"5",
   "ml":"0",
   "mn":"0",
   "mp":"0",
   "mz":"0",
   "nl":"0",
   "or":"0",
   "pb":"0",
   "py":"0",
   "rj":"0",
   "sk":"0",
   "status":"Deceased",
   "tg":"2",
   "tn":"0",
   "tr":"0",
   "tt":"14",
   "un":"0",
   "up":"0",
   "ut":"0",
   "wb":"0"
  }
 },
 {
  "states_daily":{
   "an":"0",
   "ap":"28",
   "ar":"0",
   "as":"3",
   "br":"1",
   "ch":"0",
   "ct":"1",
   "date":"04-Apr-20",
   "dateymd":"2020-04-04",
   "dd":"0",
   "dl":"59",
   "dn":"0",
   "ga":"1",
   "gj":"13",
   "hp":"7",
   "hr":"26",
   "jh":"0",
   "jk":"17",
   "ka":"16",
   "kl":"11",
   "la":"0",
   "ld":"0",
   "mh":"148",
   "ml":"0",
   "mn":"0",
   "mp":"25",
   "mz":"0",
   "nl":"0",
   "or":"1",
   "pb":"12",
   "py":"0",
   "rj":"27",
   "sk":"0",
   "status":"Confirmed",
   "tg":"43",
   "tn":"74",
   "tr":"0",
   "tt":"579",
   "un":"0",
   "up":"60",
   "ut":"6",
   "wb":"0"
  }
 },
 {
  "states_daily":{
   "an":"0",
   "ap":"0",
   "ar":"0",
   "as":"0",
   "br":"0",
   "ch":"3",
   "ct":"0",
   "date":"04-Apr-20",
   "dateymd":"2020-04-04",
   "dd":"0",
   "dl":"8",
   "dn":"0",
   "ga":"0",
   "gj":"3",
   "hp":"0",
   "hr":"1",
   "jh":"0",
   "jk":"0",
   "ka":"0",
   "kl":"8",
   "la":"0",
   "ld":"0",
   "mh":"2",
   "ml":"0",
   "mn":"0",
   "mp":"0",
   "mz":"0",
   "nl":"0",
   "or":"0",
   "pb":"2",
   "py":"0",
   "rj":"22",
   "sk":"0",
   "status":"Recovered",
   "tg":"1",
   "tn":"2",
   "tr":"0",
   "tt":"56",
   "un":"0",
   "up":"4",
   "ut":"0",
   "wb":"0"
  }
 },
 {
  "states_daily":{
   "an":"0",
   "ap":"0",
   "ar":"0",
   "as":"0",
   "br":"0",
   "ch":"0",
   "ct":"0",
   "date":"04-Apr-20",
   "dateymd":"2020-04-04",
   "dd":"0",
   "dl":"0",
   "dn":"0",
   "ga":"0",
   "gj":"1",
   "hp":"0",
   "hr":"0",
   "jh":"0",
   "jk":"0",
   "ka":"0",
   "kl":"0",
   "la":"0",
   "ld":"0",
   "mh":"6",
   "ml":"0",
   "mn":"0",
   "mp":"3",
   "mz":"0",
   "nl":"0",
   "or":"0",
   "pb":"0",
   "py":"0",
   "rj":"1",
   "sk":"0",
   "status":"Deceased",
   "tg":"0",
   "tn":"2",
   "tr":"0",
   "tt":"13",
   "un":"0",
   "up":"0",
   "ut":"0",
   "wb":"0"
  }
 },
 {
  "states_daily":{
   "an":"0",
   "ap":"64",
   "ar":"0",
   "as":"0",
   "br":"0",
   "ch":"0",
   "ct":"0",
   "date":"05-Apr-20",
   "dateymd":"2020-04-05",
   "dd":"0",
   "dl":"58",
   "dn":"0",
   "ga":"0",
   "gj":"20",
   "hp":"1",
   "hr":"6",
   "jh":"1",
   "jk":"14",
   "ka":"7",
   "kl":"8",
   "la":"0",
   "ld":"0",
   "mh":"112",
   "ml":"0",
   "mn":"0",
   "mp":"14",
   "mz":"0",
   "nl":"0",
   "or":"18",
   "pb":"3",
   "py":"0",
   "rj":"60",
   "sk":"0",
   "status":"Confirmed",
   "tg":"62",
   "tn":"86",
   "tr":"0",
   "tt":"609",
   "un":"0",
   "up":"44",
   "ut":"4",
   "wb":"27"
  }
 },
 {
  "states_daily":{
   "an":"0",
   "ap":"3",
   "ar":"0",
   "as":"0",
   "br":"0",
   "ch":"2",
   "ct":"5",
   "date":"05-Apr-20",
   "dateymd":"2020-04-05",
   "dd":"0",
   "dl":"0",
   "dn":"0",
   "ga":"0",
   "gj":"8",
   "hp":"0",
   "hr":"0",
   "jh":"0",
   "jk":"1",
   "ka":"1",
   "kl":"6",
   "la":"0",
   "ld":"0",
   "mh":"4",
   "ml":"0",
   "mn":"0",
   "mp":"3",
   "mz":"0",
   "nl":"0",
   "or":"0",
   "pb":"1",
   "py":"0",
   "rj":"0",
   "sk":"0",
   "status":"Recovered",
   "tg":"0",
   "tn":"0",
   "tr":"0",
   "tt":"43",
   "un":"0",
   "up":"0",
   "ut":"2",
   "wb":"7"
  }
 },
 {
  "states_daily":{
   "an":"0",
   "ap":"0",
   "ar":"0",
   "as":"0",
   "br":"0",
   "ch":"0",
   "ct":"0",
   "date":"05-Apr-20",
   "dateymd":"2020-04-05",
   "dd":"0",
   "dl":"1",
   "dn":"0",
   "ga":"0",
   "gj":"1",
   "hp":"0",
   "hr":"0",
   "jh":"0",
   "jk":"0",
   "ka":"0",
   "kl":"0",
   "la":"0",
   "ld":"0",
   "mh":"13",
   "ml":"0",
   "mn":"0",
   "mp":"2",
   "mz":"0",
   "nl":"0",
   "or":"0",
   "pb":"2",
   "py":"0",
   "rj":"0",
   "sk":"0",
   "status":"Deceased",
   "tg":"0",
   "tn":"2",
   "tr":"0",
   "tt":"22",
   "un":"0",
   "up":"1",
   "ut":"0",
   "wb":"0"
  }
 },
 {
  "states_daily":{
   "an":"0",
   "ap":"47",
   "ar":"0",
   "as":"0",
   "br":"0",
   "ch":"0",
   "ct":"0",
   "date":"06-Apr-20",
   "dateymd":"2020-04-06",
   "dd":"0",
   "dl":"22",
   "dn":"0",
   "ga":"0",
   "gj":"18",
   "hp":"4",
   "hr":"20",
   "jh":"1",
   "jk":"3",
   "ka":"12",
   "kl":"13",
   "la":"0",
   "ld":"0",
   "mh":"121",
   "ml":"0",
   "mn":"0",
   "mp":"63",
   "mz":"0",
   "nl":"0",
   "or":"1",
   "pb":"11",
   "py":"0",
   "rj":"35",
   "sk":"0",
   "status":"Confirmed",
   "tg":"30",
   "tn":"50",
   "tr":"1",
   "tt":"484",
   "un":"0",
   "up":"27",
   "ut":"5",
   "wb":"0"
  }
 },
 {
  "states_daily":{
   "an":"0",
   "ap":"0",
   "ar":"0",
   "as":"0",
   "br":"6",
   "ch":"0",
   "ct":"0",
   "date":"06-Apr-20",
   "dateymd":"2020-04-06",
   "dd":"0",
   "dl":"0",
   "dn":"0",
   "ga":"0",
   "gj":"1",
   "hp":"0",
   "hr":"0",
   "jh":"0",
   "jk":"0",
   "ka":"8",
   "kl":"3",
   "la":"7",
   "ld":"0",
   "mh":"14",
   "ml":"0",
   "mn":"1",
   "mp":"8",
   "mz":"0",
   "nl":"0",
   "or":"0",
   "pb":"0",
   "py":"0",
   "rj":"0",
   "sk":"0",
   "status":"Recovered",
   "tg":"12",
   "tn":"5",
   "tr":"0",
   "tt":"65",
   "un":"0",
   "up":"0",
   "ut":"0",
   "wb":"0"
  }
 },
 {
  "states_daily":{
   "an":"0",
   "ap":"2",
   "ar":"0",
   "as":"0",
   "br":"0",
   "ch":"0",
   "ct":"0",
   "date":"06-Apr-20",
   "dateymd":"2020-04-06",
   "dd":"0",
   "dl":"0",
   "dn":"0",
   "ga":"0",
   "gj":"1",
   "hp":"0",
   "hr":"2",
   "jh":"0",
   "jk":"0",
   "ka":"0",
   "kl":"0",
   "la":"0",
   "ld":"0",
   "mh":"7",
   "ml":"0",
   "mn":"0",
   "mp":"2",
   "mz":"0",
   "nl":"0",
   "or":"0",
   "pb":"0",
   "py":"0",
   "rj":"1",
   "sk":"0",
   "status":"Deceased",
   "tg":"0",
   "tn":"1",
   "tr":"0",
   "tt":"16",
   "un":"0",
   "up":"0",
   "ut":"0",
   "wb":"0"
  }
 },
 {
  "states_daily":{
   "an":"0",
   "ap":"11",
   "ar":"0",
   "as":"2",
   "br":"6",
   "ch":"0",
   "ct":"0",
   "date":"07-Apr-20",
   "dateymd":"2020-04-07",
   "dd":"0",
   "dl":"51",
   "dn":"0",
   "ga":"0",
   "gj":"29",
   "hp":"9",
   "hr":"33",
   "jh":"0",
   "jk":"16",
   "ka":"12",
   "kl":"9",
   "la":"0",
   "ld":"0",
   "mh":"150",
   "ml":"0",
   "mn":"0",
   "mp":"34",
   "mz":"0",
   "nl":"0",
   "or":"2",
   "pb":"20",
   "py":"0",
   "rj":"42",
   "sk":"0",
   "status":"Confirmed",
   "tg":"40",
   "tn":"69",
   "tr":"0",
   "tt":"572",
   "un":"0",
   "up":"27",
   "ut":"0",
   "wb":"11"
  }
 },
 {
  "states_daily":{
   "an":"0",
   "ap":"0",
   "ar":"0",
   "as":"0",
   "br":"6",
   "ch":"2",
   "ct":"1",
   "date":"07-Apr-20",
   "dateymd":"2020-04-07",
   "dd":"0",
   "dl":"4",
   "dn":"0",
   "ga":"0",
   "gj":"3",
   "hp":"1",
   "hr":"2",
   "jh":"0",
   "jk":"0",
   "ka":"5",
   "kl":"12",
   "la":"0",
   "ld":"0",
   "mh":"9",
   "ml":"0",
   "mn":"0",
   "mp":"10",
   "mz":"0",
   "nl":"0",
   "or":"0",
   "pb":"10",
   "py":"1",
   "rj":"0",
   "sk":"0",
   "status":"Recovered",
   "tg":"0",
   "tn":"6",
   "tr":"0",
   "tt":"75",
   "un":"0",
   "up":"0",
   "ut":"0",
   "wb":"3"
  }
 },
 {
  "states_daily":{
   "an":"0",
   "ap":"1",
   "ar":"0",
   "as":"0",
   "br":"0",
   "ch":"0",
   "ct":"0",
   "date":"07-Apr-20",
   "dateymd":"2020-04-07",
   "dd":"0",
   "dl":"2",
   "dn":"0",
   "ga":"0",
   "gj":"2",
   "hp":"0",
   "hr":"0",
   "jh":"0",
   "jk":"1",
   "ka":"0",
   "kl":"0",
   "la":"0",
   "ld":"0",
   "mh":"12",
   "ml":"0",
   "mn":"0",
   "mp":"6",
   "mz":"0",
   "nl":"0",
   "or":"1",
   "pb":"1",
   "py":"0",
   "rj":"0",
   "sk":"0",
   "status":"Deceased",
   "tg":"0",
   "tn":"1",
   "tr":"0",
   "tt":"27",
   "un":"0",
   "up":"0",
   "ut":"0",
   "wb":"0"
  }
 },
 {
  "states_daily":{
   "an":"1",
   "ap":"34",
   "ar":"0",
   "as":"0",
   "br":"1",
   "ch":"0",
   "ct":"0",
   "date":"08-Apr-20",
   "dateymd":"2020-04-08",
   "dd":"0",
   "dl":"93",
   "dn":"0",
   "ga":"0",
   "gj":"11",
   "hp":"0",
   "hr":"24",
   "jh":"0",
   "jk":"33",
   "ka":"6",
   "kl":"9",
   "la":"0",
   "ld":"0",
   "mh":"117",
   "ml":"0",
   "mn":"0",
   "mp":"51",
   "mz":"0",
   "nl":"0",
   "or":"0",
   "pb":"7",
   "py":"0",
   "rj":"40",
   "sk":"0",
   "status":"Confirmed",
   "tg":"49",
   "tn":"48",
   "tr":"0",
   "tt":"565",
   "un":"0",
   "up":"29",
   "ut":"4",
   "wb":"8"
  }
 },
 {
  "states_daily":{
   "an":"0",
   "ap":"1",
   "ar":"0",
   "as":"0",
   "br":"0",
   "ch":"0",
   "ct":"0",
   "date":"08-Apr-20",
   "dateymd":"2020-04-08",
   "dd":"0",
   "dl":"1",
   "dn":"0",
   "ga":"0",
   "gj":"0",
   "hp":"0",
   "hr":"1",
   "jh":"0",
   "jk":"2",
   "ka":"3",
   "kl":"13",
   "la":"0",
   "ld":"0",
   "mh":"38",
   "ml":"0",
   "mn":"0",
   "mp":"4",
   "mz":"0",
   "nl":"0",
   "or":"0",
   "pb":"0",
   "py":"0",
   "rj":"20",
   "sk":"0",
   "status":"Recovered",
   "tg":"0",
   "tn":"2",
   "tr":"0",
   "tt":"96",
   "un":"0",
   "up":"10",
   "ut":"1",
   "wb":"0"
  }
 },
 {
  "states_daily":{
   "an":"0",
   "ap":"0",
   "ar":"0",
   "as":"0",
   "br":"0",
   "ch":"0",
   "ct":"0",
   "date":"08-Apr-20",
   "dateymd":"2020-04-08",
   "dd":"0",
   "dl":"0",
   "dn":"0",
   "ga":"0",
   "gj":"2",
   "hp":"0",
   "hr":"0",
   "jh":"0",
   "jk":"0",
   "ka":"1",
   "kl":"0",
   "la":"0",
   "ld":"0",
   "mh":"8",
   "ml":"0",
   "mn":"0",
   "mp":"3",
   "mz":"0",
   "nl":"0",
   "or":"0",
   "pb":"1",
   "py":"0",
   "rj":"1",
   "sk":"0",
   "status":"Deceased",
   "tg":"0",
   "tn":"1",
   "tr":"0",
   "tt":"20",
   "un":"0",
   "up":"1",
   "ut":"0",
   "wb":"2"
  }
 },
 {
  "states_daily":{
   "an":"0",
   "ap":"15",
   "ar":"0",
   "as":"1",
   "br":"19",
   "ch":"0",
   "ct":"8",
   "date":"09-Apr-20",
   "dateymd":"2020-04-09",
   "dd":"0",
   "dl":"51",
   "dn":"0",
   "ga":"0",
   "gj":"76",
   "hp":"1",
   "hr":"3",
   "jh":"9",
   "jk":"26",
   "ka":"16",
   "kl":"12",
   "la":"0",
   "ld":"0",
   "mh":"229",
   "ml":"0",
   "mn":"0",
   "mp":"70",
   "mz":"0",
   "nl":"0",
   "or":"6",
   "pb":"24",
   "py":"0",
   "rj":"80",
   "sk":"0",
   "status":"Confirmed",
   "tg":"18",
   "tn":"96",
   "tr":"0",
   "tt":"813",
   "un":"0",
   "up":"49",
   "ut":"0",
   "wb":"4"
  }
 },
 {
  "states_daily":{
   "an":"10",
   "ap":"4",
   "ar":"0",
   "as":"0",
   "br":"0",
   "ch":"0",
   "ct":"0",
   "date":"09-Apr-20",
   "dateymd":"2020-04-09",
   "dd":"0",
   "dl":"4",
   "dn":"0",
   "ga":"0",
   "gj":"1",
   "hp":"0",
   "hr":"0",
   "jh":"0",
   "jk":"0",
   "ka":"2",
   "kl":"13",
   "la":"0",
   "ld":"0",
   "mh":"8",
   "ml":"0",
   "mn":"0",
   "mp":"0",
   "mz":"0",
   "nl":"0",
   "or":"0",
   "pb":"4",
   "py":"0",
   "rj":"15",
   "sk":"0",
   "status":"Recovered",
   "tg":"0",
   "tn":"6",
   "tr":"0",
   "tt":"70",
   "un":"0",
   "up":"0",
   "ut":"0",
   "wb":"3"
  }
 },
 {
  "states_daily":{
   "an":"0",
   "ap":"2",
   "ar":"0",
   "as":"0",
   "br":"0",
   "ch":"0",
   "ct":"0",
   "date":"09-Apr-20",
   "dateymd":"2020-04-09",
   "dd":"0",
   "dl":"3",
   "dn":"0",
   "ga":"0",
   "gj":"2",
   "hp":"0",
   "hr":"0",
   "jh":"1",
   "jk":"1",
   "ka":"1",
   "kl":"0",
   "la":"0",
   "ld":"0",
   "mh":"25",
   "ml":"0",
   "mn":"0",
   "mp":"9",
   "mz":"0",
   "nl":"0",
   "or":"0",
   "pb":"1",
   "py":"0",
   "rj":"0",
   "sk":"0",
   "status":"Deceased",
   "tg":"1",
   "tn":"0",
   "tr":"0",
   "tt":"46",
   "un":"0",
   "up":"0",
   "ut":"0",
   "wb":"0"
  }
 },
 {
  "states_daily":{
   "an":"0",
   "ap":"18",
   "ar":"0",
   "as":"0",
   "br":"2",
   "ch":"1",
   "ct":"0",
   "date":"10-Apr-20",
   "dateymd":"2020-04-10",
   "dd":"0",
   "dl":"183",
   "dn":"0",
   "ga":"0",
   "gj":"116",
   "hp":"0",
   "hr":"6",
   "jh":"1",
   "jk":"23",
   "ka":"10",
   "kl":"7",
   "la":"1",
   "ld":"0",
   "mh":"210",
   "ml":"0",
   "mn":"0",
   "mp":"40",
   "mz":"0",
   "nl":"0",
   "or":"2",
   "pb":"21",
   "py":"2",
   "rj":"98",
   "sk":"0",
   "status":"Confirmed",
   "tg":"16",
   "tn":"77",
   "tr":"1",
   "tt":"871",
   "un":"0",
   "up":"23",
   "ut":"0",
   "wb":"13"
  }
 },
 {
  "states_daily":{
   "an":"0",
   "ap":"0",
   "ar":"0",
   "as":"0",
   "br":"0",
   "ch":"0",
   "ct":"0",
   "date":"10-Apr-20",
   "dateymd":"2020-04-10",
   "dd":"0",
   "dl":"2",
   "dn":"0",
   "ga":"1",
   "gj":"7",
   "hp":"0",
   "hr":"4",
   "jh":"0",
   "jk":"0",
   "ka":"4",
   "kl":"27",
   "la":"1",
   "ld":"0",
   "mh":"63",
   "ml":"0",
   "mn":"0",
   "mp":"12",
   "mz":"0",
   "nl":"0",
   "or":"10",
   "pb":"2",
   "py":"0",
   "rj":"0",
   "sk":"0",
   "status":"Recovered",
   "tg":"0",
   "tn":"17",
   "tr":"0",
   "tt":"151",
   "un":"0",
   "up":"1",
   "ut":"0",
   "wb":"0"
  }
 },
 {
  "states_daily":{
   "an":"0",
   "ap":"0",
   "ar":"0",
   "as":"1",
   "br":"0",
   "ch":"0",
   "ct":"0",
   "date":"10-Apr-20",
   "dateymd":"2020-04-10",
   "dd":"0",
   "dl":"2",
   "dn":"0",
   "ga":"0",
   "gj":"1",
   "hp":"0",
   "hr":"0",
   "jh":"0",
   "jk":"0",
   "ka":"0",
   "kl":"0",
   "la":"0",
   "ld":"0",
   "mh":"12",
   "ml":"0",
   "mn":"0",
   "mp":"4",
   "mz":"0",
   "nl":"0",
   "or":"0",
   "pb":"1",
   "py":"0",
   "rj":"0",
   "sk":"0",
   "status":"Deceased",
   "tg":"0",
   "tn":"1",
   "tr":"0",
   "tt":"22",
   "un":"0",
   "up":"0",
   "ut":"0",
   "wb":"0"
  }
 },
 {
  "states_daily":{
   "an":"0",
   "ap":"24",
   "ar":"0",
   "as":"0",
   "br":"4",
   "ch":"0",
   "ct":"7",
   "date":"11-Apr-20",
   "dateymd":"2020-04-11",
   "dd":"0",
   "dl":"166",
   "dn":"0",
   "ga":"0",
   "gj":"90",
   "hp":"4",
   "hr":"3",
   "jh":"3",
   "jk":"17",
   "ka":"8",
   "kl":"10",
   "la":"0",
   "ld":"0",
   "mh":"187",
   "ml":"0",
   "mn":"0",
   "mp":"78",
   "mz":"0",
   "nl":"0",
   "or":"4",
   "pb":"7",
   "py":"0",
   "rj":"139",
   "sk":"0",
   "status":"Confirmed",
   "tg":"16",
   "tn":"58",
   "tr":"0",
   "tt":"854",
   "un":"0",
   "up":"19",
   "ut":"0",
   "wb":"10"
  }
 },
 {
  "states_daily":{
   "an":"0",
   "ap":"0",
   "ar":"0",
   "as":"0",
   "br":"0",
   "ch":"0",
   "ct":"0",
   "date":"11-Apr-20",
   "dateymd":"2020-04-11",
   "dd":"0",
   "dl":"0",
   "dn":"0",
   "ga":"4",
   "gj":"11",
   "hp":"6",
   "hr":"0",
   "jh":"0",
   "jk":"0",
   "ka":"5",
   "kl":"19",
   "la":"0",
   "ld":"0",
   "mh":"20",
   "ml":"0",
   "mn":"0",
   "mp":"1",
   "mz":"0",
   "nl":"0",
   "or":"0",
   "pb":"0",
   "py":"0",
   "rj":"56",
   "sk":"0",
   "status":"Recovered",
   "tg":"51",
   "tn":"0",
   "tr":"0",
   "tt":"186",
   "un":"0",
   "up":"13",
   "ut":"0",
   "wb":"0"
  }
 },
 {
  "states_daily":{
   "an":"0",
   "ap":"0",
   "ar":"0",
   "as":"0",
   "br":"0",
   "ch":"0",
   "ct":"0",
   "date":"11-Apr-20",
   "dateymd":"2020-04-11",
   "dd":"0",
   "dl":"5",
   "dn":"0",
   "ga":"0",
   "gj":"3",
   "hp":"0",
   "hr":"0",
   "jh":"0",
   "jk":"0",
   "ka":"0",
   "kl":"1",
   "la":"0",
   "ld":"0",
   "mh":"17",
   "ml":"0",
   "mn":"0",
   "mp":"4",
   "mz":"0",
   "nl":"0",
   "or":"0",
   "pb":"1",
   "py":"0",
   "rj":"6",
   "sk":"0",
   "status":"Deceased",
   "tg":"2",
   "tn":"1",
   "tr":"0",
   "tt":"40",
   "un":"0",
   "up":"1",
   "ut":"0",
   "wb":"0"
  }
 },
 {
  "states_daily":{
   "an":"0",
   "ap":"15",
   "ar":"0",
   "as":"1",
   "br":"0",
   "ch":"2",
   "ct":"6",
   "date":"12-Apr-20",
   "dateymd":"2020-04-12",
   "dd":"0",
   "dl":"85",
   "dn":"0",
   "ga":"0",
   "gj":"48",
   "hp":"0",
   "hr":"16",
   "jh":"2",
   "jk":"21",
   "ka":"17",
   "kl":"2",
   "la":"0",
   "ld":"0",
   "mh":"221",
   "ml":"0",
   "mn":"0",
   "mp":"33",
   "mz":"0",
   "nl":"0",
   "or":"0",
   "pb":"12",
   "py":"0",
   "rj":"104",
   "sk":"0",
   "status":"Confirmed",
   "tg":"28",
   "tn":"106",
   "tr":"0",
   "tt":"758",
   "un":"0",
   "up":"31",
   "ut":"0",
   "wb":"8"
  }
 },
 {
  "states_daily":{
   "an":"0",
   "ap":"2",
   "ar":"0",
   "as":"0",
   "br":"11",
   "ch":"0",
   "ct":"1",
   "date":"12-Apr-20",
   "dateymd":"2020-04-12",
   "dd":"0",
   "dl":"1",
   "dn":"0",
   "ga":"0",
   "gj":"0",
   "hp":"4",
   "hr":"8",
   "jh":"0",
   "jk":"0",
   "ka":"15",
   "kl":"36",
   "la":"0",
   "ld":"0",
   "mh":"9",
   "ml":"0",
   "mn":"0",
   "mp":"3",
   "mz":"0",
   "nl":"0",
   "or":"0",
   "pb":"3",
   "py":"0",
   "rj":"5",
   "sk":"0",
   "status":"Recovered",
   "tg":"7",
   "tn":"6",
   "tr":"0",
   "tt":"114",
   "un":"0",
   "up":"0",
   "ut":"0",
   "wb":"3"
  }
 },
 {
  "states_daily":{
   "an":"0",
   "ap":"1",
   "ar":"0",
   "as":"0",
   "br":"0",
   "ch":"0",
   "ct":"0",
   "date":"12-Apr-20",
   "dateymd":"2020-04-12",
   "dd":"0",
   "dl":"5",
   "dn":"0",
   "ga":"0",
   "gj":"2",
   "hp":"0",
   "hr":"1",
   "jh":"1",
   "jk":"0",
   "ka":"0",
   "kl":"0",
   "la":"0",
   "ld":"0",
   "mh":"22",
   "ml":"0",
   "mn":"0",
   "mp":"3",
   "mz":"0",
   "nl":"0",
   "or":"0",
   "pb":"0",
   "py":"0",
   "rj":"2",
   "sk":"0",
   "status":"Deceased",
   "tg":"2",
   "tn":"1",
   "tr":"0",
   "tt":"42",
   "un":"0",
   "up":"0",
   "ut":"0",
   "wb":"2"
  }
 },
 {
  "states_daily":{
   "an":"0",
   "ap":"19",
   "ar":"0",
   "as":"2",
   "br":"2",
   "ch":"0",
   "ct":"0",
   "date":"13-Apr-20",
   "dateymd":"2020-04-13",
   "dd":"0",
   "dl":"356",
   "dn":"0",
   "ga":"0",
   "gj":"56",
   "hp":"0",
   "hr":"1",
   "jh":"5",
   "jk":"25",
   "ka":"15",
   "kl":"3",
   "la":"2",
   "ld":"0",
   "mh":"352",
   "ml":"1",
   "mn":"0",
   "mp":"52",
   "mz":"0",
   "nl":"0",
   "or":"1",
   "pb":"6",
   "py":"0",
   "rj":"93",
   "sk":"0",
   "status":"Confirmed",
   "tg":"61",
   "tn":"98",
   "tr":"0",
   "tt":"1243",
   "un":"0",
   "up":"75",
   "ut":"0",
   "wb":"18"
  }
 },
 {
  "states_daily":{
   "an":"0",
   "ap":"0",
   "ar":"0",
   "as":"0",
   "br":"2",
   "ch":"0",
   "ct":"0",
   "date":"13-Apr-20",
   "dateymd":"2020-04-13",
   "dd":"0",
   "dl":"3",
   "dn":"0",
   "ga":"0",
   "gj":"10",
   "hp":"0",
   "hr":"7",
   "jh":"0",
   "jk":"10",
   "ka":"6",
   "kl":"19",
   "la":"1",
   "ld":"0",
   "mh":"12",
   "ml":"0",
   "mn":"0",
   "mp":"10",
   "mz":"0",
   "nl":"0",
   "or":"6",
   "pb":"2",
   "py":"0",
   "rj":"0",
   "sk":"0",
   "status":"Recovered",
   "tg":"0",
   "tn":"8",
   "tr":"0",
   "tt":"112",
   "un":"0",
   "up":"4",
   "ut":"2",
   "wb":"10"
  }
 },
 {
  "states_daily":{
   "an":"0",
   "ap":"0",
   "ar":"0",
   "as":"0",
   "br":"0",
   "ch":"0",
   "ct":"0",
   "date":"13-Apr-20",
   "dateymd":"2020-04-13",
   "dd":"0",
   "dl":"4",
   "dn":"0",
   "ga":"0",
   "gj":"2",
   "hp":"0",
   "hr":"0",
   "jh":"0",
   "jk":"0",
   "ka":"2",
   "kl":"0",
   "la":"0",
   "ld":"0",
   "mh":"11",
   "ml":"0",
   "mn":"0",
   "mp":"7",
   "mz":"0",
   "nl":"0",
   "or":"0",
   "pb":"0",
   "py":"0",
   "rj":"0",
   "sk":"0",
   "status":"Deceased",
   "tg":"1",
   "tn":"0",
   "tr":"0",
   "tt":"27",
   "un":"0",
   "up":"0",
   "ut":"0",
   "wb":"0"
  }
 },
 {
  "states_daily":{
   "an":"0",
   "ap":"45",
   "ar":"0",
   "as":"1",
   "br":"0",
   "ch":"0",
   "ct":"2",
   "date":"14-Apr-20",
   "dateymd":"2020-04-14",
   "dd":"0",
   "dl":"51",
   "dn":"0",
   "ga":"0",
   "gj":"78",
   "hp":"1",
   "hr":"2",
   "jh":"3",
   "jk":"8",
   "ka":"13",
   "kl":"8",
   "la":"0",
   "ld":"0",
   "mh":"346",
   "ml":"0",
   "mn":"0",
   "mp":"127",
   "mz":"0",
   "nl":"0",
   "or":"5",
   "pb":"8",
   "py":"0",
   "rj":"108",
   "sk":"0",
   "status":"Confirmed",
   "tg":"52",
   "tn":"31",
   "tr":"0",
   "tt":"1031",
   "un":"0",
   "up":"102",
   "ut":"2",
   "wb":"38"
  }
 },
 {
  "states_daily":{
   "an":"0",
   "ap":"4",
   "ar":"0",
   "as":"0",
   "br":"1",
   "ch":"0",
   "ct":"3",
   "date":"14-Apr-20",
   "dateymd":"2020-04-14",
   "dd":"0",
   "dl":"0",
   "dn":"0",
   "ga":"0",
   "gj":"5",
   "hp":"1",
   "hr":"4",
   "jh":"0",
   "jk":"14",
   "ka":"11",
   "kl":"13",
   "la":"0",
   "ld":"0",
   "mh":"30",
   "ml":"0",
   "mn":"0",
   "mp":"13",
   "mz":"0",
   "nl":"0",
   "or":"0",
   "pb":"2",
   "py":"0",
   "rj":"26",
   "sk":"0",
   "status":"Recovered",
   "tg":"7",
   "tn":"23",
   "tr":"0",
   "tt":"167",
   "un":"0",
   "up":"1",
   "ut":"2",
   "wb":"7"
  }
 },
 {
  "states_daily":{
   "an":"0",
   "ap":"4",
   "ar":"0",
   "as":"0",
   "br":"0",
   "ch":"0",
   "ct":"0",
   "date":"14-Apr-20",
   "dateymd":"2020-04-14",
   "dd":"0",
   "dl":"2",
   "dn":"0",
   "ga":"0",
   "gj":"2",
   "hp":"0",
   "hr":"0",
   "jh":"0",
   "jk":"0",
   "ka":"2",
   "kl":"0",
   "la":"0",
   "ld":"0",
   "mh":"18",
   "ml":"0",
   "mn":"0",
   "mp":"3",
   "mz":"0",
   "nl":"0",
   "or":"0",
   "pb":"1",
   "py":"0",
   "rj":"0",
   "sk":"0",
   "status":"Deceased",
   "tg":"1",
   "tn":"1",
   "tr":"0",
   "tt":"37",
   "un":"0",
   "up":"3",
   "ut":"0",
   "wb":"0"
  }
 },
 {
  "states_daily":{
   "an":"0",
   "ap":"41",
   "ar":"0",
   "as":"0",
   "br":"6",
   "ch":"0",
   "ct":"0",
   "date":"15-Apr-20",
   "dateymd":"2020-04-15",
   "dd":"0",
   "dl":"17",
   "dn":"0",
   "ga":"0",
   "gj":"116",
   "hp":"2",
   "hr":"6",
   "jh":"1",
   "jk":"22",
   "ka":"19",
   "kl":"1",
   "la":"1",
   "ld":"0",
   "mh":"236",
   "ml":"6",
   "mn":"0",
   "mp":"197",
   "mz":"0",
   "nl":"0",
   "or":"0",
   "pb":"2",
   "py":"0",
   "rj":"71",
   "sk":"0",
   "status":"Confirmed",
   "tg":"6",
   "tn":"38",
   "tr":"0",
   "tt":"886",
   "un":"0",
   "up":"75",
   "ut":"0",
   "wb":"23"
  }
 },
 {
  "states_daily":{
   "an":"0",
   "ap":"4",
   "ar":"1",
   "as":"2",
   "br":"0",
   "ch":"2",
   "ct":"4",
   "date":"15-Apr-20",
   "dateymd":"2020-04-15",
   "dd":"0",
   "dl":"10",
   "dn":"0",
   "ga":"1",
   "gj":"5",
   "hp":"0",
   "hr":"2",
   "jh":"0",
   "jk":"6",
   "ka":"9",
   "kl":"7",
   "la":"0",
   "ld":"0",
   "mh":"36",
   "ml":"0",
   "mn":"0",
   "mp":"0",
   "mz":"0",
   "nl":"0",
   "or":"1",
   "pb":"0",
   "py":"0",
   "rj":"0",
   "sk":"0",
   "status":"Recovered",
   "tg":"8",
   "tn":"37",
   "tr":"1",
   "tt":"144",
   "un":"0",
   "up":"7",
   "ut":"0",
   "wb":"1"
  }
 },
 {
  "states_daily":{
   "an":"0",
   "ap":"3",
   "ar":"0",
   "as":"0",
   "br":"0",
   "ch":"0",
   "ct":"0",
   "date":"15-Apr-20",
   "dateymd":"2020-04-15",
   "dd":"0",
   "dl":"2",
   "dn":"0",
   "ga":"0",
   "gj":"5",
   "hp":"0",
   "hr":"0",
   "jh":"0",
   "jk":"0",
   "ka":"2",
   "kl":"0",
   "la":"0",
   "ld":"0",
   "mh":"9",
   "ml":"1",
   "mn":"0",
   "mp":"0",
   "mz":"0",
   "nl":"0",
   "or":"0",
   "pb":"0",
   "py":"0",
   "rj":"0",
   "sk":"0",
   "status":"Deceased",
   "tg":"0",
   "tn":"2",
   "tr":"0",
   "tt":"27",
   "un":"0",
   "up":"3",
   "ut":"0",
   "wb":"0"
  }
 },
 {
  "states_daily":{
   "an":"0",
   "ap":"9",
   "ar":"0",
   "as":"2",
   "br":"11",
   "ch":"0",
   "ct":"3",
   "date":"16-Apr-20",
   "dateymd":"2020-04-16",
   "dd":"0",
   "dl":"62",
   "dn":"0",
   "ga":"0",
   "gj":"163",
   "hp":"0",
   "hr":"11",
   "jh":"1",
   "jk":"14",
   "ka":"36",
   "kl":"7",
   "la":"0",
   "ld":"0",
   "mh":"285",
   "ml":"2",
   "mn":"0",
   "mp":"226",
   "mz":"0",
   "nl":"0",
   "or":"0",
   "pb":"11",
   "py":"0",
   "rj":"55",
   "sk":"0",
   "status":"Confirmed",
   "tg":"50",
   "tn":"25",
   "tr":"0",
   "tt":"1061",
   "un":"0",
   "up":"70",
   "ut":"0",
   "wb":"18"
  }
 },
 {
  "states_daily":{
   "an":"1",
   "ap":"0",
   "ar":"0",
   "as":"3",
   "br":"8",
   "ch":"0",
   "ct":"6",
   "date":"16-Apr-20",
   "dateymd":"2020-04-16",
   "dd":"0",
   "dl":"11",
   "dn":"0",
   "ga":"0",
   "gj":"9",
   "hp":"3",
   "hr":"8",
   "jh":"0",
   "jk":"2",
   "ka":"2",
   "kl":"27",
   "la":"2",
   "ld":"0",
   "mh":"5",
   "ml":"0",
   "mn":"0",
   "mp":"6",
   "mz":"0",
   "nl":"0",
   "or":"0",
   "pb":"2",
   "py":"0",
   "rj":"17",
   "sk":"0",
   "status":"Recovered",
   "tg":"68",
   "tn":"62",
   "tr":"0",
   "tt":"258",
   "un":"0",
   "up":"11",
   "ut":"0",
   "wb":"5"
  }
 },
 {
  "states_daily":{
   "an":"0",
   "ap":"0",
   "ar":"0",
   "as":"0",
   "br":"0",
   "ch":"0",
   "ct":"0",
   "date":"16-Apr-20",
   "dateymd":"2020-04-16",
   "dd":"0",
   "dl":"6",
   "dn":"0",
   "ga":"0",
   "gj":"3",
   "hp":"0",
   "hr":"0",
   "jh":"0",
   "jk":"0",
   "ka":"1",
   "kl":"0",
   "la":"0",
   "ld":"0",
   "mh":"7",
   "ml":"0",
   "mn":"0",
   "mp":"2",
   "mz":"0",
   "nl":"0",
   "or":"0",
   "pb":"1",
   "py":"0",
   "rj":"0",
   "sk":"0",
   "status":"Deceased",
   "tg":"0",
   "tn":"1",
   "tr":"0",
   "tt":"26",
   "un":"0",
   "up":"2",
   "ut":"0",
   "wb":"3"
  }
 },
 {
  "states_daily":{
   "an":"1",
   "ap":"38",
   "ar":"0",
   "as":"0",
   "br":"2",
   "ch":"0",
   "ct":"0",
   "date":"17-Apr-20",
   "dateymd":"2020-04-17",
   "dd":"0",
   "dl":"67",
   "dn":"0",
   "ga":"0",
   "gj":"170",
   "hp":"3",
   "hr":"8",
   "jh":"3",
   "jk":"14",
   "ka":"44",
   "kl":"1",
   "la":"0",
   "ld":"0",
   "mh":"120",
   "ml":"0",
   "mn":"0",
   "mp":"146",
   "mz":"0",
   "nl":"0",
   "or":"0",
   "pb":"14",
   "py":"0",
   "rj":"98",
   "sk":"0",
   "status":"Confirmed",
   "tg":"66",
   "tn":"56",
   "tr":"0",
   "tt":"922",
   "un":"0",
   "up":"44",
   "ut":"3",
   "wb":"24"
  }
 },
 {
  "states_daily":{
   "an":"0",
   "ap":"15",
   "ar":"0",
   "as":"4",
   "br":"0",
   "ch":"0",
   "ct":"1",
   "date":"17-Apr-20",
   "dateymd":"2020-04-17",
   "dd":"0",
   "dl":"20",
   "dn":"0",
   "ga":"0",
   "gj":"13",
   "hp":"0",
   "hr":"21",
   "jh":"0",
   "jk":"4",
   "ka":"6",
   "kl":"10",
   "la":"0",
   "ld":"0",
   "mh":"31",
   "ml":"0",
   "mn":"0",
   "mp":"0",
   "mz":"0",
   "nl":"0",
   "or":"2",
   "pb":"1",
   "py":"0",
   "rj":"19",
   "sk":"0",
   "status":"Recovered",
   "tg":"0",
   "tn":"103",
   "tr":"0",
   "tt":"273",
   "un":"0",
   "up":"14",
   "ut":"0",
   "wb":"9"
  }
 },
 {
  "states_daily":{
   "an":"0",
   "ap":"0",
   "ar":"0",
   "as":"0",
   "br":"0",
   "ch":"0",
   "ct":"0",
   "date":"17-Apr-20",
   "dateymd":"2020-04-17",
   "dd":"0",
   "dl":"4",
   "dn":"0",
   "ga":"0",
   "gj":"5",
   "hp":"0",
   "hr":"0",
   "jh":"0",
   "jk":"1",
   "ka":"0",
   "kl":"0",
   "la":"0",
   "ld":"0",
   "mh":"7",
   "ml":"0",
   "mn":"0",
   "mp":"14",
   "mz":"0",
   "nl":"0",
   "or":"0",
   "pb":"0",
   "py":"0",
   "rj":"6",
   "sk":"0",
   "status":"Deceased",
   "tg":"0",
   "tn":"0",
   "tr":"0",
   "tt":"38",
   "un":"0",
   "up":"1",
   "ut":"0",
   "wb":"0"
  }
 },
 {
  "states_daily":{
   "an":"2",
   "ap":"31",
   "ar":"0",
   "as":"0",
   "br":"1",
   "ch":"2",
   "ct":"0",
   "date":"18-Apr-20",
   "dateymd":"2020-04-18",
   "dd":"0",
   "dl":"186",
   "dn":"0",
   "ga":"0",
   "gj":"277",
   "hp":"1",
   "hr":"9",
   "jh":"1",
   "jk":"13",
   "ka":"25",
   "kl":"4",
   "la":"0",
   "ld":"0",
   "mh":"327",
   "ml":"2",
   "mn":"0",
   "mp":"92",
   "mz":"0",
   "nl":"0",
   "or":"1",
   "pb":"23",
   "py":"0",
   "rj":"122",
   "sk":"0",
   "status":"Confirmed",
   "tg":"43",
   "tn":"49",
   "tr":"0",
   "tt":"1371",
   "un":"0",
   "up":"126",
   "ut":"2",
   "wb":"32"
  }
 },
 {
  "states_daily":{
   "an":"0",
   "ap":"7",
   "ar":"0",
   "as":"3",
   "br":"5",
   "ch":"0",
   "ct":"1",
   "date":"18-Apr-20",
   "dateymd":"2020-04-18",
   "dd":"0",
   "dl":"135",
   "dn":"0",
   "ga":"0",
   "gj":"7",
   "hp":"0",
   "hr":"14",
   "jh":"0",
   "jk":"9",
   "ka":"16",
   "kl":"2",
   "la":"0",
   "ld":"0",
   "mh":"34",
   "ml":"0",
   "mn":"0",
   "mp":"57",
   "mz":"0",
   "nl":"0",
   "or":"3",
   "pb":"1",
   "py":"3",
   "rj":"17",
   "sk":"0",
   "status":"Recovered",
   "tg":"0",
   "tn":"82",
   "tr":"0",
   "tt":"426",
   "un":"0",
   "up":"26",
   "ut":"0",
   "wb":"4"
  }
 },
 {
  "states_daily":{
   "an":"0",
   "ap":"2",
   "ar":"0",
   "as":"0",
   "br":"1",
   "ch":"0",
   "ct":"0",
   "date":"18-Apr-20",
   "dateymd":"2020-04-18",
   "dd":"0",
   "dl":"1",
   "dn":"0",
   "ga":"0",
   "gj":"12",
   "hp":"0",
   "hr":"0",
   "jh":"0",
   "jk":"0",
   "ka":"1",
   "kl":"0",
   "la":"0",
   "ld":"0",
   "mh":"10",
   "ml":"0",
   "mn":"0",
   "mp":"0",
   "mz":"0",
   "nl":"0",
   "or":"0",
   "pb":"2",
   "py":"0",
   "rj":"4",
   "sk":"0",
   "status":"Deceased",
   "tg":"0",
   "tn":"0",
   "tr":"0",
   "tt":"35",
   "un":"0",
   "up":"0",
   "ut":"0",
   "wb":"2"
  }
 },
 {
  "states_daily":{
   "an":"1",
   "ap":"44",
   "ar":"0",
   "as":"0",
   "br":"10",
   "ch":"3",
   "ct":"0",
   "date":"19-Apr-20",
   "dateymd":"2020-04-19",
   "dd":"0",
   "dl":"110",
   "dn":"0",
   "ga":"0",
   "gj":"367",
   "hp":"0",
   "hr":"18",
   "jh":"8",
   "jk":"13",
   "ka":"6",
   "kl":"2",
   "la":"0",
   "ld":"0",
   "mh":"552",
   "ml":"0",
   "mn":"0",
   "mp":"5",
   "mz":"0",
   "nl":"0",
   "or":"0",
   "pb":"10",
   "py":"0",
   "rj":"127",
   "sk":"0",
   "status":"Confirmed",
   "tg":"49",
   "tn":"105",
   "tr":"0",
   "tt":"1580",
   "un":"0",
   "up":"125",
   "ut":"2",
   "wb":"23"
  }
 },
 {
  "states_daily":{
   "an":"0",
   "ap":"23",
   "ar":"0",
   "as":"5",
   "br":"0",
   "ch":"4",
   "ct":"0",
   "date":"19-Apr-20",
   "dateymd":"2020-04-19",
   "dd":"0",
   "dl":"83",
   "dn":"0",
   "ga":"1",
   "gj":"12",
   "hp":"0",
   "hr":"4",
   "jh":"0",
   "jk":"5",
   "ka":"7",
   "kl":"13",
   "la":"0",
   "ld":"0",
   "mh":"142",
   "ml":"0",
   "mn":"0",
   "mp":"4",
   "mz":"0",
   "nl":"0",
   "or":"0",
   "pb":"6",
   "py":"0",
   "rj":"5",
   "sk":"0",
   "status":"Recovered",
   "tg":"0",
   "tn":"46",
   "tr":"0",
   "tt":"388",
   "un":"0",
   "up":"19",
   "ut":"2",
   "wb":"7"
  }
 },
 {
  "states_daily":{
   "an":"0",
   "ap":"1",
   "ar":"0",
   "as":"0",
   "br":"0",
   "ch":"0",
   "ct":"0",
   "date":"19-Apr-20",
   "dateymd":"2020-04-19",
   "dd":"0",
   "dl":"2",
   "dn":"0",
   "ga":"0",
   "gj":"10",
   "hp":"0",
   "hr":"0",
   "jh":"0",
   "jk":"0",
   "ka":"2",
   "kl":"0",
   "la":"0",
   "ld":"0",
   "mh":"12",
   "ml":"0",
   "mn":"0",
   "mp":"3",
   "mz":"0",
   "nl":"0",
   "or":"0",
   "pb":"0",
   "py":"0",
   "rj":"2",
   "sk":"0",
   "status":"Deceased",
   "tg":"3",
   "tn":"0",
   "tr":"0",
   "tt":"38",
   "un":"0",
   "up":"3",
   "ut":"0",
   "wb":"0"
  }
 },
 {
  "states_daily":{
   "an":"1",
   "ap":"75",
   "ar":"0",
   "as":"0",
   "br":"17",
   "ch":"0",
   "ct":"0",
   "date":"20-Apr-20",
   "dateymd":"2020-04-20",
   "dd":"0",
   "dl":"78",
   "dn":"0",
   "ga":"0",
   "gj":"196",
   "hp":"0",
   "hr":"1",
   "jh":"5",
   "jk":"14",
   "ka":"18",
   "kl":"6",
   "la":"0",
   "ld":"0",
   "mh":"466",
   "ml":"0",
   "mn":"0",
   "mp":"78",
   "mz":"0",
   "nl":"0",
   "or":"13",
   "pb":"1",
   "py":"0",
   "rj":"98",
   "sk":"0",
   "status":"Confirmed",
   "tg":"14",
   "tn":"43",
   "tr":"0",
   "tt":"1239",
   "un":"0",
   "up":"84",
   "ut":"2",
   "wb":"29"
  }
 },
 {
  "states_daily":{
   "an":"0",
   "ap":"27",
   "ar":"0",
   "as":"2",
   "br":"0",
   "ch":"1",
   "ct":"0",
   "date":"20-Apr-20",
   "dateymd":"2020-04-20",
   "dd":"0",
   "dl":"141",
   "dn":"0",
   "ga":"0",
   "gj":"26",
   "hp":"0",
   "hr":"37",
   "jh":"4",
   "jk":"15",
   "ka":"1",
   "kl":"21",
   "la":"0",
   "ld":"0",
   "mh":"65",
   "ml":"0",
   "mn":"1",
   "mp":"7",
   "mz":"0",
   "nl":"0",
   "or":"0",
   "pb":"1",
   "py":"0",
   "rj":"0",
   "sk":"0",
   "status":"Recovered",
   "tg":"0",
   "tn":"46",
   "tr":"0",
   "tt":"419",
   "un":"0",
   "up":"13",
   "ut":"7",
   "wb":"4"
  }
 },
 {
  "states_daily":{
   "an":"0",
   "ap":"3",
   "ar":"0",
   "as":"0",
   "br":"0",
   "ch":"0",
   "ct":"0",
   "date":"20-Apr-20",
   "dateymd":"2020-04-20",
   "dd":"0",
   "dl":"2",
   "dn":"0",
   "ga":"0",
   "gj":"8",
   "hp":"0",
   "hr":"0",
   "jh":"0",
   "jk":"0",
   "ka":"0",
   "kl":"0",
   "la":"0",
   "ld":"0",
   "mh":"9",
   "ml":"0",
   "mn":"0",
   "mp":"4",
   "mz":"0",
   "nl":"0",
   "or":"0",
   "pb":"0",
   "py":"0",
   "rj":"2",
   "sk":"0",
   "status":"Deceased",
   "tg":"2",
   "tn":"2",
   "tr":"0",
   "tt":"33",
   "un":"0",
   "up":"1",
   "ut":"0",
   "wb":"0"
  }
 },
 {
  "states_daily":{
   "an":"1",
   "ap":"35",
   "ar":"0",
   "as":"0",
   "br":"13",
   "ch":"1",
   "ct":"0",
   "date":"21-Apr-20",
   "dateymd":"2020-04-21",
   "dd":"0",
   "dl":"75",
   "dn":"0",
   "ga":"0",
   "gj":"239",
   "hp":"0",
   "hr":"4",
   "jh":"0",
   "jk":"12",
   "ka":"10",
   "kl":"19",
   "la":"0",
   "ld":"0",
   "mh":"552",
   "ml":"1",
   "mn":"0",
   "mp":"67",
   "mz":"0",
   "nl":"0",
   "or":"5",
   "pb":"6",
   "py":"0",
   "rj":"159",
   "sk":"0",
   "status":"Confirmed",
   "tg":"56",
   "tn":"76",
   "tr":"0",
   "tt":"1537",
   "un":"0",
   "up":"153",
   "ut":"0",
   "wb":"53"
  }
 },
 {
  "states_daily":{
   "an":"0",
   "ap":"4",
   "ar":"0",
   "as":"0",
   "br":"0",
   "ch":"0",
   "ct":"0",
   "date":"21-Apr-20",
   "dateymd":"2020-04-21",
   "dd":"0",
   "dl":"180",
   "dn":"0",
   "ga":"0",
   "gj":"8",
   "hp":"0",
   "hr":"6",
   "jh":"0",
   "jk":"10",
   "ka":"17",
   "kl":"16",
   "la":"0",
   "ld":"0",
   "mh":"150",
   "ml":"0",
   "mn":"0",
   "mp":"10",
   "mz":"0",
   "nl":"0",
   "or":"6",
   "pb":"11",
   "py":"0",
   "rj":"69",
   "sk":"0",
   "status":"Recovered",
   "tg":"8",
   "tn":"178",
   "tr":"0",
   "tt":"703",
   "un":"0",
   "up":"22",
   "ut":"1",
   "wb":"7"
  }
 },
 {
  "states_daily":{
   "an":"0",
   "ap":"2",
   "ar":"0",
   "as":"0",
   "br":"0",
   "ch":"0",
   "ct":"0",
   "date":"21-Apr-20",
   "dateymd":"2020-04-21",
   "dd":"0",
   "dl":"0",
   "dn":"0",
   "ga":"0",
   "gj":"19",
   "hp":"0",
   "hr":"0",
   "jh":"0",
   "jk":"0",
   "ka":"1",
   "kl":"0",
   "la":"0",
   "ld":"0",
   "mh":"19",
   "ml":"0",
   "mn":"0",
   "mp":"4",
   "mz":"0",
   "nl":"0",
   "or":"0",
   "pb":"0",
   "py":"0",
   "rj":"1",
   "sk":"0",
   "status":"Deceased",
   "tg":"0",
   "tn":"1",
   "tr":"0",
   "tt":"53",
   "un":"0",
   "up":"3",
   "ut":"0",
   "wb":"3"
  }
 },
 {
  "states_daily":{
   "an":"1",
   "ap":"56",
   "ar":"0",
   "as":"0",
   "br":"17",
   "ch":"0",
   "ct":"0",
   "date":"22-Apr-20",
   "dateymd":"2020-04-22",
   "dd":"0",
   "dl":"92",
   "dn":"0",
   "ga":"0",
   "gj":"229",
   "hp":"0",
   "hr":"9",
   "jh":"0",
   "jk":"27",
   "ka":"9",
   "kl":"11",
   "la":"0",
   "ld":"0",
   "mh":"431",
   "ml":"0",
   "mn":"0",
   "mp":"35",
   "mz":"0",
   "nl":"0",
   "or":"4",
   "pb":"27",
   "py":"0",
   "rj":"153",
   "sk":"0",
   "status":"Confirmed",
   "tg":"15",
   "tn":"33",
   "tr":"0",
   "tt":"1292",
   "un":"0",
   "up":"112",
   "ut":"0",
   "wb":"31"
  }
 },
 {
  "states_daily":{
   "an":"0",
   "ap":"24",
   "ar":"0",
   "as":"0",
   "br":"0",
   "ch":"0",
   "ct":"3",
   "date":"22-Apr-20",
   "dateymd":"2020-04-22",
   "dd":"0",
   "dl":"113",
   "dn":"0",
   "ga":"0",
   "gj":"40",
   "hp":"0",
   "hr":"11",
   "jh":"0",
   "jk":"11",
   "ka":"2",
   "kl":"1",
   "la":"0",
   "ld":"0",
   "mh":"67",
   "ml":"0",
   "mn":"0",
   "mp":"4",
   "mz":"0",
   "nl":"0",
   "or":"2",
   "pb":"4",
   "py":"0",
   "rj":"70",
   "sk":"0",
   "status":"Recovered",
   "tg":"0",
   "tn":"27",
   "tr":"0",
   "tt":"394",
   "un":"0",
   "up":"11",
   "ut":"4",
   "wb":"0"
  }
 },
 {
  "states_daily":{
   "an":"0",
   "ap":"2",
   "ar":"0",
   "as":"0",
   "br":"0",
   "ch":"0",
   "ct":"0",
   "date":"22-Apr-20",
   "dateymd":"2020-04-22",
   "dd":"0",
   "dl":"1",
   "dn":"0",
   "ga":"0",
   "gj":"13",
   "hp":"0",
   "hr":"0",
   "jh":"0",
   "jk":"0",
   "ka":"0",
   "kl":"0",
   "la":"0",
   "ld":"0",
   "mh":"18",
   "ml":"0",
   "mn":"0",
   "mp":"0",
   "mz":"0",
   "nl":"0",
   "or":"0",
   "pb":"0",
   "py":"0",
   "rj":"1",
   "sk":"0",
   "status":"Deceased",
   "tg":"1",
   "tn":"0",
   "tr":"0",
   "tt":"36",
   "un":"0",
   "up":"0",
   "ut":"0",
   "wb":"0"
  }
 },
 {
  "states_daily":{
   "an":"4",
   "ap":"80",
   "ar":"0",
   "as":"1",
   "br":"27",
   "ch":"0",
   "ct":"0",
   "date":"23-Apr-20",
   "dateymd":"2020-04-23",
   "dd":"0",
   "dl":"128",
   "dn":"0",
   "ga":"0",
   "gj":"217",
   "hp":"1",
   "hr":"6",
   "jh":"7",
   "jk":"27",
   "ka":"18",
   "kl":"10",
   "la":"0",
   "ld":"0",
   "mh":"778",
   "ml":"0",
   "mn":"0",
   "mp":"100",
   "mz":"0",
   "nl":"0",
   "or":"6",
   "pb":"5",
   "py":"0",
   "rj":"76",
   "sk":"0",
   "status":"Confirmed",
   "tg":"27",
   "tn":"54",
   "tr":"0",
   "tt":"1667",
   "un":"0",
   "up":"61",
   "ut":"1",
   "wb":"33"
  }
 },
 {
  "states_daily":{
   "an":"0",
   "ap":"21",
   "ar":"0",
   "as":"0",
   "br":"2",
   "ch":"0",
   "ct":"2",
   "date":"23-Apr-20",
   "dateymd":"2020-04-23",
   "dd":"0",
   "dl":"84",
   "dn":"0",
   "ga":"0",
   "gj":"79",
   "hp":"2",
   "hr":"12",
   "jh":"4",
   "jk":"0",
   "ka":"14",
   "kl":"8",
   "la":"2",
   "ld":"0",
   "mh":"51",
   "ml":"0",
   "mn":"0",
   "mp":"51",
   "mz":"0",
   "nl":"0",
   "or":"1",
   "pb":"13",
   "py":"0",
   "rj":"107",
   "sk":"0",
   "status":"Recovered",
   "tg":"58",
   "tn":"90",
   "tr":"1",
   "tt":"642",
   "un":"0",
   "up":"33",
   "ut":"1",
   "wb":"6"
  }
 },
 {
  "states_daily":{
   "an":"0",
   "ap":"3",
   "ar":"0",
   "as":"0",
   "br":"0",
   "ch":"0",
   "ct":"0",
   "date":"23-Apr-20",
   "dateymd":"2020-04-23",
   "dd":"0",
   "dl":"2",
   "dn":"0",
   "ga":"0",
   "gj":"9",
   "hp":"0",
   "hr":"0",
   "jh":"1",
   "jk":"0",
   "ka":"0",
   "kl":"0",
   "la":"0",
   "ld":"0",
   "mh":"14",
   "ml":"0",
   "mn":"0",
   "mp":"3",
   "mz":"0",
   "nl":"0",
   "or":"0",
   "pb":"1",
   "py":"0",
   "rj":"1",
   "sk":"0",
   "status":"Deceased",
   "tg":"1",
   "tn":"2",
   "tr":"0",
   "tt":"40",
   "un":"0",
   "up":"3",
   "ut":"0",
   "wb":"0"
  }
 },
 {
  "states_daily":{
   "an":"7",
   "ap":"62",
   "ar":"0",
   "as":"0",
   "br":"53",
   "ch":"0",
   "ct":"0",
   "date":"24-Apr-20",
   "dateymd":"2020-04-24",
   "dd":"0",
   "dl":"138",
   "dn":"0",
   "ga":"0",
   "gj":"191",
   "hp":"0",
   "hr":"5",
   "jh":"6",
   "jk":"20",
   "ka":"29",
   "kl":"3",
   "la":"0",
   "ld":"0",
   "mh":"390",
   "ml":"0",
   "mn":"0",
   "mp":"159",
   "mz":"0",
   "nl":"0",
   "or":"5",
   "pb":"15",
   "py":"0",
   "rj":"70",
   "sk":"0",
   "status":"Confirmed",
   "tg":"13",
   "tn":"72",
   "tr":"0",
   "tt":"1408",
   "un":"0",
   "up":"111",
   "ut":"1",
   "wb":"58"
  }
 },
 {
  "states_daily":{
   "an":"0",
   "ap":"4",
   "ar":"0",
   "as":"0",
   "br":"0",
   "ch":"1",
   "ct":"0",
   "date":"24-Apr-20",
   "dateymd":"2020-04-24",
   "dd":"0",
   "dl":"49",
   "dn":"0",
   "ga":"0",
   "gj":"7",
   "hp":"0",
   "hr":"16",
   "jh":"0",
   "jk":"17",
   "ka":"7",
   "kl":"15",
   "la":"0",
   "ld":"0",
   "mh":"117",
   "ml":"0",
   "mn":"0",
   "mp":"7",
   "mz":"0",
   "nl":"0",
   "or":"0",
   "pb":"4",
   "py":"0",
   "rj":"42",
   "sk":"0",
   "status":"Recovered",
   "tg":"39",
   "tn":"114",
   "tr":"0",
   "tt":"484",
   "un":"0",
   "up":"20",
   "ut":"1",
   "wb":"24"
  }
 },
 {
  "states_daily":{
   "an":"0",
   "ap":"2",
   "ar":"0",
   "as":"0",
   "br":"0",
   "ch":"0",
   "ct":"0",
   "date":"24-Apr-20",
   "dateymd":"2020-04-24",
   "dd":"0",
   "dl":"3",
   "dn":"0",
   "ga":"0",
   "gj":"15",
   "hp":"0",
   "hr":"0",
   "jh":"0",
   "jk":"0",
   "ka":"1",
   "kl":"1",
   "la":"0",
   "ld":"0",
   "mh":"18",
   "ml":"0",
   "mn":"0",
   "mp":"9",
   "mz":"0",
   "nl":"0",
   "or":"0",
   "pb":"0",
   "py":"0",
   "rj":"4",
   "sk":"0",
   "status":"Deceased",
   "tg":"0",
   "tn":"2",
   "tr":"0",
   "tt":"59",
   "un":"0",
   "up":"1",
   "ut":"0",
   "wb":"3"
  }
 },
 {
  "states_daily":{
   "an":"4",
   "ap":"61",
   "ar":"0",
   "as":"0",
   "br":"28",
   "ch":"1",
   "ct":"1",
   "date":"25-Apr-20",
   "dateymd":"2020-04-25",
   "dd":"0",
   "dl":"111",
   "dn":"0",
   "ga":"0",
   "gj":"256",
   "hp":"0",
   "hr":"12",
   "jh":"8",
   "jk":"40",
   "ka":"26",
   "kl":"7",
   "la":"2",
   "ld":"0",
   "mh":"811",
   "ml":"0",
   "mn":"0",
   "mp":"99",
   "mz":"0",
   "nl":"0",
   "or":"6",
   "pb":"10",
   "py":"1",
   "rj":"49",
   "sk":"0",
   "status":"Confirmed",
   "tg":"7",
   "tn":"66",
   "tr":"0",
   "tt":"1835",
   "un":"0",
   "up":"172",
   "ut":"0",
   "wb":"57"
  }
 },
 {
  "states_daily":{
   "an":"0",
   "ap":"26",
   "ar":"0",
   "as":"0",
   "br":"1",
   "ch":"0",
   "ct":"2",
   "date":"25-Apr-20",
   "dateymd":"2020-04-25",
   "dd":"0",
   "dl":"12",
   "dn":"0",
   "ga":"0",
   "gj":"17",
   "hp":"4",
   "hr":"5",
   "jh":"0",
   "jk":"3",
   "ka":"6",
   "kl":"7",
   "la":"0",
   "ld":"0",
   "mh":"119",
   "ml":"0",
   "mn":"0",
   "mp":"71",
   "mz":"0",
   "nl":"0",
   "or":"1",
   "pb":"2",
   "py":"0",
   "rj":"20",
   "sk":"0",
   "status":"Recovered",
   "tg":"16",
   "tn":"94",
   "tr":"0",
   "tt":"442",
   "un":"0",
   "up":"35",
   "ut":"1",
   "wb":"0"
  }
 },
 {
  "states_daily":{
   "an":"0",
   "ap":"2",
   "ar":"0",
   "as":"0",
   "br":"0",
   "ch":"0",
   "ct":"0",
   "date":"25-Apr-20",
   "dateymd":"2020-04-25",
   "dd":"0",
   "dl":"1",
   "dn":"0",
   "ga":"0",
   "gj":"6",
   "hp":"0",
   "hr":"0",
   "jh":"0",
   "jk":"1",
   "ka":"0",
   "kl":"0",
   "la":"0",
   "ld":"0",
   "mh":"22",
   "ml":"0",
   "mn":"0",
   "mp":"7",
   "mz":"0",
   "nl":"0",
   "or":"0",
   "pb":"0",
   "py":"0",
   "rj":"2",
   "sk":"0",
   "status":"Deceased",
   "tg":"0",
   "tn":"1",
   "tr":"0",
   "tt":"44",
   "un":"0",
   "up":"2",
   "ut":"0",
   "wb":"0"
  }
 },
 {
  "states_daily":{
   "an":"0",
   "ap":"81",
   "ar":"0",
   "as":"0",
   "br":"26",
   "ch":"8",
   "ct":"0",
   "date":"26-Apr-20",
   "dateymd":"2020-04-26",
   "dd":"0",
   "dl":"293",
   "dn":"0",
   "ga":"0",
   "gj":"230",
   "hp":"0",
   "hr":"9",
   "jh":"15",
   "jk":"29",
   "ka":"3",
   "kl":"11",
   "la":"0",
   "ld":"0",
   "mh":"440",
   "ml":"0",
   "mn":"0",
   "mp":"145",
   "mz":"0",
   "nl":"0",
   "or":"3",
   "pb":"14",
   "py":"0",
   "rj":"102",
   "sk":"0",
   "status":"Confirmed",
   "tg":"11",
   "tn":"64",
   "tr":"0",
   "tt":"1607",
   "un":"0",
   "up":"80",
   "ut":"3",
   "wb":"40"
  }
 },
 {
  "states_daily":{
   "an":"0",
   "ap":"60",
   "ar":"0",
   "as":"8",
   "br":"11",
   "ch":"2",
   "ct":"0",
   "date":"26-Apr-20",
   "dateymd":"2020-04-26",
   "dd":"0",
   "dl":"8",
   "dn":"0",
   "ga":"0",
   "gj":"31",
   "hp":"0",
   "hr":"8",
   "jh":"5",
   "jk":"25",
   "ka":"24",
   "kl":"4",
   "la":"0",
   "ld":"0",
   "mh":"112",
   "ml":"0",
   "mn":"0",
   "mp":"21",
   "mz":"0",
   "nl":"0",
   "or":"1",
   "pb":"12",
   "py":"0",
   "rj":"116",
   "sk":"0",
   "status":"Recovered",
   "tg":"9",
   "tn":"60",
   "tr":"0",
   "tt":"585",
   "un":"0",
   "up":"66",
   "ut":"0",
   "wb":"2"
  }
 },
 {
  "states_daily":{
   "an":"0",
   "ap":"0",
   "ar":"0",
   "as":"0",
   "br":"0",
   "ch":"0",
   "ct":"0",
   "date":"26-Apr-20",
   "dateymd":"2020-04-26",
   "dd":"0",
   "dl":"0",
   "dn":"0",
   "ga":"0",
   "gj":"18",
   "hp":"0",
   "hr":"0",
   "jh":"0",
   "jk":"0",
   "ka":"1",
   "kl":"0",
   "la":"0",
   "ld":"0",
   "mh":"19",
   "ml":"0",
   "mn":"0",
   "mp":"4",
   "mz":"0",
   "nl":"0",
   "or":"0",
   "pb":"1",
   "py":"0",
   "rj":"7",
   "sk":"0",
   "status":"Deceased",
   "tg":"0",
   "tn":"1",
   "tr":"0",
   "tt":"56",
   "un":"0",
   "up":"3",
   "ut":"0",
   "wb":"2"
  }
 },
 {
  "states_daily":{
   "an":"0",
   "ap":"80",
   "ar":"0",
   "as":"0",
   "br":"69",
   "ch":"9",
   "ct":"0",
   "date":"27-Apr-20",
   "dateymd":"2020-04-27",
   "dd":"0",
   "dl":"190",
   "dn":"0",
   "ga":"0",
   "gj":"247",
   "hp":"0",
   "hr":"5",
   "jh":"21",
   "jk":"23",
   "ka":"9",
   "kl":"13",
   "la":"0",
   "ld":"0",
   "mh":"522",
   "ml":"0",
   "mn":"0",
   "mp":"75",
   "mz":"0",
   "nl":"0",
   "or":"15",
   "pb":"8",
   "py":"0",
   "rj":"77",
   "sk":"0",
   "status":"Confirmed",
   "tg":"2",
   "tn":"52",
   "tr":"0",
   "tt":"1568",
   "un":"0",
   "up":"113",
   "ut":"0",
   "wb":"38"
  }
 },
 {
  "states_daily":{
   "an":"0",
   "ap":"4",
   "ar":"0",
   "as":"0",
   "br":"0",
   "ch":"0",
   "ct":"0",
   "date":"27-Apr-20",
   "dateymd":"2020-04-27",
   "dd":"0",
   "dl":"0",
   "dn":"0",
   "ga":"0",
   "gj":"81",
   "hp":"3",
   "hr":"14",
   "jh":"4",
   "jk":"27",
   "ka":"11",
   "kl":"13",
   "la":"0",
   "ld":"0",
   "mh":"94",
   "ml":"0",
   "mn":"0",
   "mp":"55",
   "mz":"0",
   "nl":"0",
   "or":"2",
   "pb":"14",
   "py":"1",
   "rj":"115",
   "sk":"0",
   "status":"Recovered",
   "tg":"16",
   "tn":"54",
   "tr":"0",
   "tt":"580",
   "un":"0",
   "up":"72",
   "ut":"0",
   "wb":"0"
  }
 },
 {
  "states_daily":{
   "an":"0",
   "ap":"0",
   "ar":"0",
   "as":"0",
   "br":"0",
   "ch":"0",
   "ct":"0",
   "date":"27-Apr-20",
   "dateymd":"2020-04-27",
   "dd":"0",
   "dl":"0",
   "dn":"0",
   "ga":"0",
   "gj":"11",
   "hp":"0",
   "hr":"0",
   "jh":"0",
   "jk":"1",
   "ka":"1",
   "kl":"0",
   "la":"0",
   "ld":"0",
   "mh":"27",
   "ml":"0",
   "mn":"0",
   "mp":"7",
   "mz":"0",
   "nl":"0",
   "or":"0",
   "pb":"1",
   "py":"0",
   "rj":"9",
   "sk":"0",
   "status":"Deceased",
   "tg":"0",
   "tn":"0",
   "tr":"0",
   "tt":"58",
   "un":"0",
   "up":"1",
   "ut":"0",
   "wb":"0"
  }
 },
 {
  "states_daily":{
   "an":"0",
   "ap":"82",
   "ar":"0",
   "as":"2",
   "br":"20",
   "ch":"11",
   "ct":"1",
   "date":"28-Apr-20",
   "dateymd":"2020-04-28",
   "dd":"0",
   "dl":"206",
   "dn":"0",
   "ga":"0",
   "gj":"226",
   "hp":"0",
   "hr":"7",
   "jh":"2",
   "jk":"19",
   "ka":"11",
   "kl":"4",
   "la":"2",
   "ld":"0",
   "mh":"728",
   "ml":"0",
   "mn":"0",
   "mp":"222",
   "mz":"0",
   "nl":"0",
   "or":"0",
   "pb":"12",
   "py":"0",
   "rj":"102",
   "sk":"0",
   "status":"Confirmed",
   "tg":"6",
   "tn":"121",
   "tr":"0",
   "tt":"1902",
   "un":"0",
   "up":"67",
   "ut":"3",
   "wb":"48"
  }
 },
 {
  "states_daily":{
   "an":"4",
   "ap":"23",
   "ar":"0",
   "as":"0",
   "br":"8",
   "ch":"0",
   "ct":"2",
   "date":"28-Apr-20",
   "dateymd":"2020-04-28",
   "dd":"0",
   "dl":"201",
   "dn":"0",
   "ga":"0",
   "gj":"40",
   "hp":"0",
   "hr":"11",
   "jh":"2",
   "jk":"12",
   "ka":"14",
   "kl":"4",
   "la":"0",
   "ld":"0",
   "mh":"106",
   "ml":"0",
   "mn":"0",
   "mp":"16",
   "mz":"0",
   "nl":"0",
   "or":"1",
   "pb":"3",
   "py":"0",
   "rj":"26",
   "sk":"0",
   "status":"Recovered",
   "tg":"42",
   "tn":"54",
   "tr":"0",
   "tt":"636",
   "un":"0",
   "up":"63",
   "ut":"0",
   "wb":"4"
  }
 },
 {
  "states_daily":{
   "an":"0",
   "ap":"0",
   "ar":"0",
   "as":"0",
   "br":"0",
   "ch":"0",
   "ct":"0",
   "date":"28-Apr-20",
   "dateymd":"2020-04-28",
   "dd":"0",
   "dl":"0",
   "dn":"0",
   "ga":"0",
   "gj":"19",
   "hp":"0",
   "hr":"0",
   "jh":"0",
   "jk":"1",
   "ka":"0",
   "kl":"0",
   "la":"0",
   "ld":"0",
   "mh":"31",
   "ml":"0",
   "mn":"0",
   "mp":"10",
   "mz":"0",
   "nl":"0",
   "or":"0",
   "pb":"0",
   "py":"0",
   "rj":"2",
   "sk":"0",
   "status":"Deceased",
   "tg":"0",
   "tn":"1",
   "tr":"0",
   "tt":"69",
   "un":"0",
   "up":"3",
   "ut":"0",
   "wb":"2"
  }
 },
 {
  "states_daily":{
   "an":"0",
   "ap":"73",
   "ar":"0",
   "as":"0",
   "br":"37",
   "ch":"12",
   "ct":"0",
   "date":"29-Apr-20",
   "dateymd":"2020-04-29",
   "dd":"0",
   "dl":"125",
   "dn":"0",
   "ga":"0",
   "gj":"308",
   "hp":"0",
   "hr":"3",
   "jh":"2",
   "jk":"16",
   "ka":"12",
   "kl":"10",
   "la":"0",
   "ld":"0",
   "mh":"597",
   "ml":"0",
   "mn":"0",
   "mp":"173",
   "mz":"0",
   "nl":"0",
   "or":"7",
   "pb":"33",
   "py":"0",
   "rj":"76",
   "sk":"0",
   "status":"Confirmed",
   "tg":"7",
   "tn":"104",
   "tr":"0",
   "tt":"1705",
   "un":"0",
   "up":"81",
   "ut":"1",
   "wb":"28"
  }
 },
 {
  "states_daily":{
   "an":"0",
   "ap":"29",
   "ar":"0",
   "as":"2",
   "br":"0",
   "ch":"0",
   "ct":"0",
   "date":"29-Apr-20",
   "dateymd":"2020-04-29",
   "dd":"0",
   "dl":"14",
   "dn":"0",
   "ga":"0",
   "gj":"93",
   "hp":"0",
   "hr":"1",
   "jh":"0",
   "jk":"16",
   "ka":"9",
   "kl":"10",
   "la":"1",
   "ld":"0",
   "mh":"205",
   "ml":"0",
   "mn":"0",
   "mp":"88",
   "mz":"0",
   "nl":"0",
   "or":"1",
   "pb":"0",
   "py":"0",
   "rj":"44",
   "sk":"0",
   "status":"Recovered",
   "tg":"35",
   "tn":"82",
   "tr":"0",
   "tt":"690",
   "un":"0",
   "up":"48",
   "ut":"2",
   "wb":"10"
  }
 },
 {
  "states_daily":{
   "an":"0",
   "ap":"0",
   "ar":"0",
   "as":"0",
   "br":"0",
   "ch":"0",
   "ct":"0",
   "date":"29-Apr-20",
   "dateymd":"2020-04-29",
   "dd":"0",
   "dl":"2",
   "dn":"0",
   "ga":"0",
   "gj":"16",
   "hp":"0",
   "hr":"0",
   "jh":"0",
   "jk":"0",
   "ka":"1",
   "kl":"0",
   "la":"0",
   "ld":"0",
   "mh":"32",
   "ml":"0",
   "mn":"0",
   "mp":"10",
   "mz":"0",
   "nl":"0",
   "or":"0",
   "pb":"0",
   "py":"0",
   "rj":"3",
   "sk":"0",
   "status":"Deceased",
   "tg":"0",
   "tn":"2",
   "tr":"0",
   "tt":"71",
   "un":"0",
   "up":"5",
   "ut":"0",
   "wb":"0"
  }
 },
 {
  "states_daily":{
   "an":"0",
   "ap":"71",
   "ar":"0",
   "as":"5",
   "br":"22",
   "ch":"6",
   "ct":"2",
   "date":"30-Apr-20",
   "dateymd":"2020-04-30",
   "dd":"0",
   "dl":"76",
   "dn":"0",
   "ga":"0",
   "gj":"313",
   "hp":"0",
   "hr":"28",
   "jh":"3",
   "jk":"33",
   "ka":"30",
   "kl":"2",
   "la":"0",
   "ld":"0",
   "mh":"583",
   "ml":"0",
   "mn":"0",
   "mp":"65",
   "mz":"0",
   "nl":"0",
   "or":"18",
   "pb":"105",
   "py":"0",
   "rj":"144",
   "sk":"0",
   "status":"Confirmed",
   "tg":"22",
   "tn":"161",
   "tr":"1",
   "tt":"1802",
   "un":"0",
   "up":"77",
   "ut":"2",
   "wb":"33"
  }
 },
 {
  "states_daily":{
   "an":"1",
   "ap":"34",
   "ar":"0",
   "as":"0",
   "br":"20",
   "ch":"1",
   "ct":"2",
   "date":"30-Apr-20",
   "dateymd":"2020-04-30",
   "dd":"0",
   "dl":"2",
   "dn":"0",
   "ga":"0",
   "gj":"86",
   "hp":"3",
   "hr":"10",
   "jh":"0",
   "jk":"24",
   "ka":"13",
   "kl":"14",
   "la":"0",
   "ld":"0",
   "mh":"180",
   "ml":"0",
   "mn":"0",
   "mp":"21",
   "mz":"0",
   "nl":"0",
   "or":"2",
   "pb":"3",
   "py":"0",
   "rj":"79",
   "sk":"0",
   "status":"Recovered",
   "tg":"33",
   "tn":"48",
   "tr":"0",
   "tt":"630",
   "un":"0",
   "up":"41",
   "ut":"8",
   "wb":"5"
  }
 },
 {
  "states_daily":{
   "an":"0",
   "ap":"0",
   "ar":"0",
   "as":"0",
   "br":"0",
   "ch":"0",
   "ct":"0",
   "date":"30-Apr-20",
   "dateymd":"2020-04-30",
   "dd":"0",
   "dl":"3",
   "dn":"0",
   "ga":"0",
   "gj":"17",
   "hp":"0",
   "hr":"1",
   "jh":"0",
   "jk":"0",
   "ka":"1",
   "kl":"0",
   "la":"0",
   "ld":"0",
   "mh":"27",
   "ml":"0",
   "mn":"0",
   "mp":"7",
   "mz":"0",
   "nl":"0",
   "or":"0",
   "pb":"1",
   "py":"0",
   "rj":"3",
   "sk":"0",
   "status":"Deceased",
   "tg":"3",
   "tn":"0",
   "tr":"0",
   "tt":"75",
   "un":"0",
   "up":"1",
   "ut":"0",
   "wb":"11"
  }
 },
 {
  "states_daily":{
   "an":"0",
   "ap":"60",
   "ar":"0",
   "as":"0",
   "br":"41",
   "ch":"14",
   "ct":"3",
   "date":"01-May-20",
   "dateymd":"2020-05-01",
   "dd":"0",
   "dl":"223",
   "dn":"0",
   "ga":"0",
   "gj":"326",
   "hp":"0",
   "hr":"18",
   "jh":"3",
   "jk":"25",
   "ka":"24",
   "kl":"0",
   "la":"0",
   "ld":"0",
   "mh":"1008",
   "ml":"0",
   "mn":"0",
   "mp":"90",
   "mz":"0",
   "nl":"0",
   "or":"11",
   "pb":"105",
   "py":"0",
   "rj":"82",
   "sk":"0",
   "status":"Confirmed",
   "tg":"6",
   "tn":"203",
   "tr":"0",
   "tt":"2396",
   "un":"0",
   "up":"117",
   "ut":"0",
   "wb":"37"
  }
 },
 {
  "states_daily":{
   "an":"0",
   "ap":"82",
   "ar":"0",
   "as":"4",
   "br":"14",
   "ch":"0",
   "ct":"0",
   "date":"01-May-20",
   "dateymd":"2020-05-01",
   "dd":"0",
   "dl":"73",
   "dn":"0",
   "ga":"0",
   "gj":"123",
   "hp":"2",
   "hr":"6",
   "jh":"2",
   "jk":"31",
   "ka":"22",
   "kl":"9",
   "la":"0",
   "ld":"0",
   "mh":"106",
   "ml":"10",
   "mn":"0",
   "mp":"42",
   "mz":"0",
   "nl":"0",
   "or":"14",
   "pb":"4",
   "py":"0",
   "rj":"223",
   "sk":"0",
   "status":"Recovered",
   "tg":"22",
   "tn":"54",
   "tr":"0",
   "tt":"962",
   "un":"0",
   "up":"103",
   "ut":"1",
   "wb":"15"
  }
 },
 {
  "states_daily":{
   "an":"0",
   "ap":"2",
   "ar":"0",
   "as":"0",
   "br":"1",
   "ch":"0",
   "ct":"0",
   "date":"01-May-20",
   "dateymd":"2020-05-01",
   "dd":"0",
   "dl":"2",
   "dn":"0",
   "ga":"0",
   "gj":"22",
   "hp":"0",
   "hr":"0",
   "jh":"0",
   "jk":"0",
   "ka":"0",
   "kl":"0",
   "la":"0",
   "ld":"0",
   "mh":"26",
   "ml":"0",
   "mn":"0",
   "mp":"8",
   "mz":"0",
   "nl":"0",
   "or":"0",
   "pb":"0",
   "py":"0",
   "rj":"4",
   "sk":"0",
   "status":"Deceased",
   "tg":"0",
   "tn":"1",
   "tr":"0",
   "tt":"77",
   "un":"0",
   "up":"2",
   "ut":"1",
   "wb":"8"
  }
 },
 {
  "states_daily":{
   "an":"0",
   "ap":"62",
   "ar":"0",
   "as":"0",
   "br":"15",
   "ch":"6",
   "ct":"0",
   "date":"02-May-20",
   "dateymd":"2020-05-02",
   "dd":"0",
   "dl":"384",
   "dn":"0",
   "ga":"0",
   "gj":"333",
   "hp":"0",
   "hr":"19",
   "jh":"2",
   "jk":"27",
   "ka":"12",
   "kl":"2",
   "la":"1",
   "ld":"0",
   "mh":"790",
   "ml":"0",
   "mn":"0",
   "mp":"73",
   "mz":"0",
   "nl":"0",
   "or":"6",
   "pb":"187",
   "py":"1",
   "rj":"106",
   "sk":"0",
   "status":"Confirmed",
   "tg":"17",
   "tn":"231",
   "tr":"2",
   "tt":"2564",
   "un":"0",
   "up":"159",
   "ut":"2",
   "wb":"127"
  }
 },
 {
  "states_daily":{
   "an":"10",
   "ap":"38",
   "ar":"0",
   "as":"0",
   "br":"19",
   "ch":"1",
   "ct":"0",
   "date":"02-May-20",
   "dateymd":"2020-05-02",
   "dd":"0",
   "dl":"89",
   "dn":"0",
   "ga":"0",
   "gj":"160",
   "hp":"3",
   "hr":"1",
   "jh":"1",
   "jk":"7",
   "ka":"20",
   "kl":"8",
   "la":"0",
   "ld":"0",
   "mh":"121",
   "ml":"0",
   "mn":"0",
   "mp":"100",
   "mz":"0",
   "nl":"0",
   "or":"1",
   "pb":"4",
   "py":"0",
   "rj":"126",
   "sk":"0",
   "status":"Recovered",
   "tg":"35",
   "tn":"29",
   "tr":"0",
   "tt":"831",
   "un":"0",
   "up":"44",
   "ut":"2",
   "wb":"12"
  }
 },
 {
  "states_daily":{
   "an":"0",
   "ap":"0",
   "ar":"0",
   "as":"0",
   "br":"1",
   "ch":"0",
   "ct":"0",
   "date":"02-May-20",
   "dateymd":"2020-05-02",
   "dd":"0",
   "dl":"3",
   "dn":"0",
   "ga":"0",
   "gj":"26",
   "hp":"0",
   "hr":"1",
   "jh":"0",
   "jk":"0",
   "ka":"3",
   "kl":"0",
   "la":"0",
   "ld":"0",
   "mh":"36",
   "ml":"0",
   "mn":"0",
   "mp":"6",
   "mz":"0",
   "nl":"0",
   "or":"0",
   "pb":"0",
   "py":"0",
   "rj":"6",
   "sk":"0",
   "status":"Deceased",
   "tg":"1",
   "tn":"1",
   "tr":"0",
   "tt":"92",
   "un":"0",
   "up":"1",
   "ut":"0",
   "wb":"7"
  }
 },
 {
  "states_daily":{
   "an":"0",
   "ap":"58",
   "ar":"0",
   "as":"0",
   "br":"36",
   "ch":"3",
   "ct":"14",
   "date":"03-May-20",
   "dateymd":"2020-05-03",
   "dd":"0",
   "dl":"427",
   "dn":"0",
   "ga":"0",
   "gj":"374",
   "hp":"0",
   "hr":"66",
   "jh":"0",
   "jk":"35",
   "ka":"13",
   "kl":"0",
   "la":"19",
   "ld":"0",
   "mh":"678",
   "ml":"0",
   "mn":"0",
   "mp":"49",
   "mz":"0",
   "nl":"0",
   "or":"2",
   "pb":"330",
   "py":"0",
   "rj":"114",
   "sk":"0",
   "status":"Confirmed",
   "tg":"21",
   "tn":"266",
   "tr":"12",
   "tt":"2952",
   "un":"0",
   "up":"158",
   "ut":"1",
   "wb":"276"
  }
 },
 {
  "states_daily":{
   "an":"6",
   "ap":"47",
   "ar":"0",
   "as":"0",
   "br":"7",
   "ch":"0",
   "ct":"0",
   "date":"03-May-20",
   "dateymd":"2020-05-03",
   "dd":"0",
   "dl":"106",
   "dn":"0",
   "ga":"0",
   "gj":"146",
   "hp":"1",
   "hr":"3",
   "jh":"5",
   "jk":"33",
   "ka":"22",
   "kl":"1",
   "la":"0",
   "ld":"0",
   "mh":"115",
   "ml":"0",
   "mn":"0",
   "mp":"174",
   "mz":"0",
   "nl":"0",
   "or":"4",
   "pb":"5",
   "py":"1",
   "rj":"114",
   "sk":"0",
   "status":"Recovered",
   "tg":"46",
   "tn":"38",
   "tr":"0",
   "tt":"911",
   "un":"0",
   "up":"56",
   "ut":"0",
   "wb":"-19"
  }
 },
 {
  "states_daily":{
   "an":"0",
   "ap":"0",
   "ar":"0",
   "as":"0",
   "br":"0",
   "ch":"1",
   "ct":"0",
   "date":"03-May-20",
   "dateymd":"2020-05-03",
   "dd":"0",
   "dl":"0",
   "dn":"0",
   "ga":"0",
   "gj":"28",
   "hp":"0",
   "hr":"0",
   "jh":"0",
   "jk":"0",
   "ka":"0",
   "kl":"0",
   "la":"0",
   "ld":"0",
   "mh":"27",
   "ml":"0",
   "mn":"0",
   "mp":"5",
   "mz":"0",
   "nl":"0",
   "or":"0",
   "pb":"1",
   "py":"0",
   "rj":"3",
   "sk":"0",
   "status":"Deceased",
   "tg":"0",
   "tn":"1",
   "tr":"0",
   "tt":"140",
   "un":"0",
   "up":"0",
   "ut":"0",
   "wb":"74"
  }
 },
 {
  "states_daily":{
   "an":"0",
   "ap":"67",
   "ar":"0",
   "as":"0",
   "br":"11",
   "ch":"5",
   "ct":"1",
   "date":"04-May-20",
   "dateymd":"2020-05-04",
   "dd":"0",
   "dl":"349",
   "dn":"0",
   "ga":"0",
   "gj":"376",
   "hp":"1",
   "hr":"75",
   "jh":"0",
   "jk":"25",
   "ka":"37",
   "kl":"0",
   "la":"0",
   "ld":"0",
   "mh":"1567",
   "ml":"0",
   "mn":"0",
   "mp":"105",
   "mz":"0",
   "nl":"0",
   "or":"7",
   "pb":"130",
   "py":"0",
   "rj":"175",
   "sk":"0",
   "status":"Confirmed",
   "tg":"3",
   "tn":"527",
   "tr":"13",
   "tt":"3656",
   "un":"0",
   "up":"121",
   "ut":"0",
   "wb":"61"
  }
 },
 {
  "states_daily":{
   "an":"0",
   "ap":"36",
   "ar":"0",
   "as":"0",
   "br":"3",
   "ch":"2",
   "ct":"0",
   "date":"04-May-20",
   "dateymd":"2020-05-04",
   "dd":"0",
   "dl":"69",
   "dn":"0",
   "ga":"0",
   "gj":"153",
   "hp":"0",
   "hr":"9",
   "jh":"0",
   "jk":"16",
   "ka":"28",
   "kl":"61",
   "la":"0",
   "ld":"0",
   "mh":"350",
   "ml":"0",
   "mn":"0",
   "mp":"58",
   "mz":"0",
   "nl":"0",
   "or":"0",
   "pb":"11",
   "py":"0",
   "rj":"82",
   "sk":"0",
   "status":"Recovered",
   "tg":"40",
   "tn":"30",
   "tr":"0",
   "tt":"1082",
   "un":"0",
   "up":"48",
   "ut":"0",
   "wb":"86"
  }
 },
 {
  "states_daily":{
   "an":"0",
   "ap":"0",
   "ar":"0",
   "as":"0",
   "br":"0",
   "ch":"0",
   "ct":"0",
   "date":"04-May-20",
   "dateymd":"2020-05-04",
   "dd":"0",
   "dl":"0",
   "dn":"0",
   "ga":"0",
   "gj":"29",
   "hp":"0",
   "hr":"1",
   "jh":"0",
   "jk":"0",
   "ka":"2",
   "kl":"0",
   "la":"0",
   "ld":"0",
   "mh":"35",
   "ml":"0",
   "mn":"0",
   "mp":"9",
   "mz":"0",
   "nl":"0",
   "or":"0",
   "pb":"2",
   "py":"0",
   "rj":"6",
   "sk":"0",
   "status":"Deceased",
   "tg":"0",
   "tn":"1",
   "tr":"0",
   "tt":"103",
   "un":"0",
   "up":"7",
   "ut":"0",
   "wb":"11"
  }
 }
]