[
 {
  "states_daily":{
   "an":"0",
   "ap":"67",
   "ar":"0",
   "as":"2",
   "br":"7",
   "ch":"17",
   "ct":"1",
   "date":"05-May-20",
   "dateymd":"2020-05-05",
   "dd":"0",
   "dl":"206",
   "dn":"1",
   "ga":"0",
   "gj":"441",
   "hp":"1",
   "hr":"31",
   "jh":"10",
   "jk":"15",
   "ka":"22",
   "kl":"3",
   "la":"0",
   "ld":"0",
   "mh":"984",
   "ml":"0",
   "mn":"0",
   "mp":"107",
   "mz":"0",
   "nl":"0",
   "or":"8",
   "pb":"219",
   "py":"0",
   "rj":"97",
   "sk":"0",
   "status":"Confirmed",
   "tg":"11",
   "tn":"508",
   "tr":"13",
   "tt":"2971",
   "un":"0",
   "up":"114",
   "ut":"1",
   "wb":"85"
  }
 },
 {
  "states_daily":{
   "an":"0",
   "ap":"65",
   "ar":"0",
   "as":"0",
   "br":"31",
   "ch":"0",
   "ct":"0",
   "date":"05-May-20",
   "dateymd":"2020-05-05",
   "dd":"0",
   "dl":"37",
   "dn":"0",
   "ga":"0",
   "gj":"186",
   "hp":"0",
   "hr":"2",
   "jh":"6",
   "jk":"17",
   "ka":"10",
   "kl":"0",
   "la":"0",
   "ld":"0",
   "mh":"354",
   "ml":"0",
   "mn":"0",
   "mp":"144",
   "mz":"1",
   "nl":"0",
   "or":"0",
   "pb":"5",
   "py":"0",
   "rj":"87",
   "sk":"0",
   "status":"Recovered",
   "tg":"43",
   "tn":"76",
   "tr":"0",
   "tt":"1295",
   "un":"0",
   "up":"185",
   "ut":"0",
   "wb":"46"
  }
 },
 {
  "states_daily":{
   "an":"0",
   "ap":"1",
   "ar":"0",
   "as":"0",
   "br":"0",
   "ch":"0",
   "ct":"0",
   "date":"05-May-20",
   "dateymd":"2020-05-05",
   "dd":"0",
   "dl":"0",
   "dn":"0",
   "ga":"0",
   "gj":"49",
   "hp":"1",
   "hr":"0",
   "jh":"0",
   "jk":"0",
   "ka":"2",
   "kl":"0",
   "la":"0",
   "ld":"0",
   "mh":"34",
   "ml":"0",
   "mn":"0",
   "mp":"11",
   "mz":"0",
   "nl":"0",
   "or":"1",
   "pb":"2",
   "py":"0",
   "rj":"12",
   "sk":"0",
   "status":"Deceased",
   "tg":"0",
   "tn":"2",
   "tr":"0",
   "tt":"128",
   "un":"0",
   "up":"6",
   "ut":"0",
   "wb":"7"
  }
 },
 {
  "states_daily":{
   "an":"0",
   "ap":"60",
   "ar":"0",
   "as":"1",
   "br":"7",
   "ch":"5",
   "ct":"0",
   "date":"06-May-20",
   "dateymd":"2020-05-06",
   "dd":"0",
   "dl":"428",
   "dn":"0",
   "ga":"0",
   "gj":"380",
   "hp":"1",
   "hr":"46",
   "jh":"2",
   "jk":"34",
   "ka":"20",
   "kl":"0",
   "la":"0",
   "ld":"0",
   "mh":"1233",
   "ml":"0",
   "mn":"0",
   "mp":"89",
   "mz":"0",
   "nl":"0",
   "or":"28",
   "pb":"75",
   "py":"0",
   "rj":"159",
   "sk":"0",
   "status":"Confirmed",
   "tg":"11",
   "tn":"771",
   "tr":"22",
   "tt":"3602",
   "un":"0",
   "up":"118",
   "ut":"0",
   "wb":"112"
  }
 },
 {
  "states_daily":{
   "an":"0",
   "ap":"140",
   "ar":"0",
   "as":"2",
   "br":"0",
   "ch":"0",
   "ct":"0",
   "date":"06-May-20",
   "dateymd":"2020-05-06",
   "dd":"0",
   "dl":"74",
   "dn":"0",
   "ga":"0",
   "gj":"119",
   "hp":"0",
   "hr":"4",
   "jh":"4",
   "jk":"2",
   "ka":"23",
   "kl":"7",
   "la":"0",
   "ld":"0",
   "mh":"275",
   "ml":"0",
   "mn":"0",
   "mp":"99",
   "mz":"0",
   "nl":"0",
   "or":"1",
   "pb":"2",
   "py":"0",
   "rj":"214",
   "sk":"0",
   "status":"Recovered",
   "tg":"20",
   "tn":"31",
   "tr":"0",
   "tt":"1161",
   "un":"0",
   "up":"143",
   "ut":"0",
   "wb":"1"
  }
 },
 {
  "states_daily":{
   "an":"0",
   "ap":"2",
   "ar":"0",
   "as":"0",
   "br":"0",
   "ch":"0",
   "ct":"0",
   "date":"06-May-20",
   "dateymd":"2020-05-06",
   "dd":"0",
   "dl":"1",
   "dn":"0",
   "ga":"0",
   "gj":"28",
   "hp":"0",
   "hr":"1",
   "jh":"0",
   "jk":"0",
   "ka":"0",
   "kl":"0",
   "la":"0",
   "ld":"0",
   "mh":"34",
   "ml":"0",
   "mn":"0",
   "mp":"9",
   "mz":"0",
   "nl":"0",
   "or":"0",
   "pb":"2",
   "py":"0",
   "rj":"4",
   "sk":"0",
   "status":"Deceased",
   "tg":"0",
   "tn":"2",
   "tr":"0",
   "tt":"91",
   "un":"0",
   "up":"4",
   "ut":"0",
   "wb":"4"
  }
 },
 {
  "states_daily":{
   "an":"0",
   "ap":"56",
   "ar":"0",
   "as":"8",
   "br":"8",
   "ch":"11",
   "ct":"0",
   "date":"07-May-20",
   "dateymd":"2020-05-07",
   "dd":"0",
   "dl":"448",
   "dn":"0",
   "ga":"0",
   "gj":"388",
   "hp":"3",
   "hr":"31",
   "jh":"5",
   "jk":"18",
   "ka":"12",
   "kl":"0",
   "la":"0",
   "ld":"0",
   "mh":"1216",
   "ml":"0",
   "mn":"0",
   "mp":"114",
   "mz":"0",
   "nl":"0",
   "or":"14",
   "pb":"118",
   "py":"0",
   "rj":"110",
   "sk":"0",
   "status":"Confirmed",
   "tg":"15",
   "tn":"580",
   "tr":"24",
   "tt":"3344",
   "un":"0",
   "up":"73",
   "ut":"0",
   "wb":"92"
  }
 },
 {
  "states_daily":{
   "an":"1",
   "ap":"51",
   "ar":"0",
   "as":"0",
   "br":"60",
   "ch":"0",
   "ct":"0",
   "date":"07-May-20",
   "dateymd":"2020-05-07",
   "dd":"0",
   "dl":"389",
   "dn":"0",
   "ga":"0",
   "gj":"209",
   "hp":"0",
   "hr":"0",
   "jh":"4",
   "jk":"13",
   "ka":"12",
   "kl":"5",
   "la":"0",
   "ld":"0",
   "mh":"207",
   "ml":"0",
   "mn":"0",
   "mp":"132",
   "mz":"0",
   "nl":"0",
   "or":"1",
   "pb":"14",
   "py":"0",
   "rj":"150",
   "sk":"0",
   "status":"Recovered",
   "tg":"45",
   "tn":"31",
   "tr":"0",
   "tt":"1475",
   "un":"0",
   "up":"120",
   "ut":"0",
   "wb":"31"
  }
 },
 {
  "states_daily":{
   "an":"0",
   "ap":"2",
   "ar":"0",
   "as":"0",
   "br":"1",
   "ch":"0",
   "ct":"0",
   "date":"07-May-20",
   "dateymd":"2020-05-07",
   "dd":"0",
   "dl":"1",
   "dn":"0",
   "ga":"0",
   "gj":"29",
   "hp":"0",
   "hr":"0",
   "jh":"0",
   "jk":"1",
   "ka":"1",
   "kl":"0",
   "la":"0",
   "ld":"0",
   "mh":"43",
   "ml":"0",
   "mn":"0",
   "mp":"8",
   "mz":"0",
   "nl":"0",
   "or":"0",
   "pb":"1",
   "py":"0",
   "rj":"6",
   "sk":"0",
   "status":"Deceased",
   "tg":"0",
   "tn":"2",
   "tr":"0",
   "tt":"104",
   "un":"0",
   "up":"2",
   "ut":"0",
   "wb":"7"
  }
 },
 {
  "states_daily":{
   "an":"0",
   "ap":"54",
   "ar":"0",
   "as":"6",
   "br":"29",
   "ch":"11",
   "ct":"0",
   "date":"08-May-20",
   "dateymd":"2020-05-08",
   "dd":"0",
   "dl":"338",
   "dn":"0",
   "ga":"0",
   "gj":"390",
   "hp":"4",
   "hr":"22",
   "jh":"22",
   "jk":"30",
   "ka":"48",
   "kl":"1",
   "la":"0",
   "ld":"0",
   "mh":"1089",
   "ml":"0",
   "mn":"0",
   "mp":"89",
   "mz":"0",
   "nl":"0",
   "or":"51",
   "pb":"87",
   "py":"1",
   "rj":"152",
   "sk":"0",
   "status":"Confirmed",
   "tg":"10",
   "tn":"600",
   "tr":"30",
   "tt":"3339",
   "un":"0",
   "up":"143",
   "ut":"2",
   "wb":"130"
  }
 },
 {
  "states_daily":{
   "an":"0",
   "ap":"62",
   "ar":"0",
   "as":"0",
   "br":"49",
   "ch":"0",
   "ct":"2",
   "date":"08-May-20",
   "dateymd":"2020-05-08",
   "dd":"0",
   "dl":"89",
   "dn":"0",
   "ga":"0",
   "gj":"163",
   "hp":"0",
   "hr":"19",
   "jh":"0",
   "jk":"29",
   "ka":"10",
   "kl":"10",
   "la":"1",
   "ld":"0",
   "mh":"169",
   "ml":"0",
   "mn":"0",
   "mp":"118",
   "mz":"0",
   "nl":"0",
   "or":"1",
   "pb":"3",
   "py":"2",
   "rj":"122",
   "sk":"0",
   "status":"Recovered",
   "tg":"34",
   "tn":"58",
   "tr":"0",
   "tt":"1111",
   "un":"0",
   "up":"137",
   "ut":"6",
   "wb":"27"
  }
 },
 {
  "states_daily":{
   "an":"0",
   "ap":"3",
   "ar":"0",
   "as":"1",
   "br":"0",
   "ch":"1",
   "ct":"0",
   "date":"08-May-20",
   "dateymd":"2020-05-08",
   "dd":"0",
   "dl":"2",
   "dn":"0",
   "ga":"0",
   "gj":"24",
   "hp":"0",
   "hr":"1",
   "jh":"0",
   "jk":"0",
   "ka":"0",
   "kl":"0",
   "la":"0",
   "ld":"0",
   "mh":"37",
   "ml":"0",
   "mn":"0",
   "mp":"7",
   "mz":"0",
   "nl":"0",
   "or":"0",
   "pb":"1",
   "py":"0",
   "rj":"4",
   "sk":"0",
   "status":"Deceased",
   "tg":"0",
   "tn":"3",
   "tr":"0",
   "tt":"97",
   "un":"0",
   "up":"4",
   "ut":"0",
   "wb":"9"
  }
 },
 {
  "states_daily":{
   "an":"0",
   "ap":"43",
   "ar":"0",
   "as":"2",
   "br":"32",
   "ch":"23",
   "ct":"0",
   "date":"09-May-20",
   "dateymd":"2020-05-09",
   "dd":"0",
   "dl":"224",
   "dn":"0",
   "ga":"0",
   "gj":"394",
   "hp":"2",
   "hr":"28",
   "jh":"2",
   "jk":"13",
   "ka":"41",
   "kl":"2",
   "la":"0",
   "ld":"0",
   "mh":"1165",
   "ml":"1",
   "mn":"0",
   "mp":"116",
   "mz":"0",
   "nl":"0",
   "or":"82",
   "pb":"31",
   "py":"0",
   "rj":"129",
   "sk":"0",
   "status":"Confirmed",
   "tg":"31",
   "tn":"526",
   "tr":"17",
   "tt":"3175",
   "un":"0",
   "up":"159",
   "ut":"4",
   "wb":"108"
  }
 },
 {
  "states_daily":{
   "an":"0",
   "ap":"45",
   "ar":"0",
   "as":"0",
   "br":"51",
   "ch":"3",
   "ct":"5",
   "date":"09-May-20",
   "dateymd":"2020-05-09",
   "dd":"0",
   "dl":"0",
   "dn":"0",
   "ga":"0",
   "gj":"219",
   "hp":"1",
   "hr":"11",
   "jh":"37",
   "jk":"4",
   "ka":"10",
   "kl":"1",
   "la":"0",
   "ld":"0",
   "mh":"330",
   "ml":"0",
   "mn":"0",
   "mp":"131",
   "mz":"0",
   "nl":"0",
   "or":"5",
   "pb":"5",
   "py":"0",
   "rj":"151",
   "sk":"0",
   "status":"Recovered",
   "tg":"24",
   "tn":"219",
   "tr":"0",
   "tt":"1414",
   "un":"0",
   "up":"112",
   "ut":"1",
   "wb":"49"
  }
 },
 {
  "states_daily":{
   "an":"0",
   "ap":"3",
   "ar":"0",
   "as":"-1",
   "br":"0",
   "ch":"0",
   "ct":"0",
   "date":"09-May-20",
   "dateymd":"2020-05-09",
   "dd":"0",
   "dl":"0",
   "dn":"0",
   "ga":"0",
   "gj":"23",
   "hp":"0",
   "hr":"1",
   "jh":"0",
   "jk":"0",
   "ka":"0",
   "kl":"0",
   "la":"0",
   "ld":"0",
   "mh":"48",
   "ml":"0",
   "mn":"0",
   "mp":"11",
   "mz":"0",
   "nl":"0",
   "or":"1",
   "pb":"2",
   "py":"0",
   "rj":"3",
   "sk":"0",
   "status":"Deceased",
   "tg":"1",
   "tn":"4",
   "tr":"0",
   "tt":"115",
   "un":"0",
   "up":"8",
   "ut":"0",
   "wb":"11"
  }
 },
 {
  "states_daily":{
   "an":"0",
   "ap":"50",
   "ar":"0",
   "as":"1",
   "br":"96",
   "ch":"4",
   "ct":"0",
   "date":"10-May-20",
   "dateymd":"2020-05-10",
   "dd":"0",
   "dl":"381",
   "dn":"0",
   "ga":"0",
   "gj":"398",
   "hp":"6",
   "hr":"28",
   "jh":"1",
   "jk":"25",
   "ka":"54",
   "kl":"7",
   "la":"0",
   "ld":"0",
   "mh":"1943",
   "ml":"0",
   "mn":"0",
   "mp":"157",
   "mz":"0",
   "nl":"0",
   "or":"25",
   "pb":"61",
   "py":"2",
   "rj":"106",
   "sk":"0",
   "status":"Confirmed",
   "tg":"33",
   "tn":"669",
   "tr":"16",
   "tt":"4311",
   "un":"0",
   "up":"94",
   "ut":"1",
   "wb":"153"
  }
 },
 {
  "states_daily":{
   "an":"0",
   "ap":"38",
   "ar":"0",
   "as":"0",
   "br":"36",
   "ch":"0",
   "ct":"6",
   "date":"10-May-20",
   "dateymd":"2020-05-10",
   "dd":"0",
   "dl":"49",
   "dn":"0",
   "ga":"0",
   "gj":"454",
   "hp":"0",
   "hr":"10",
   "jh":"0",
   "jk":"15",
   "ka":"36",
   "kl":"4",
   "la":"3",
   "ld":"0",
   "mh":"399",
   "ml":"0",
   "mn":"0",
   "mp":"196",
   "mz":"0",
   "nl":"0",
   "or":"0",
   "pb":"9",
   "py":"1",
   "rj":"79",
   "sk":"0",
   "status":"Recovered",
   "tg":"0",
   "tn":"135",
   "tr":"0",
   "tt":"1669",
   "un":"0",
   "up":"154",
   "ut":"0",
   "wb":"45"
  }
 },
 {
  "states_daily":{
   "an":"0",
   "ap":"1",
   "ar":"0",
   "as":"0",
   "br":"1",
   "ch":"1",
   "ct":"0",
   "date":"10-May-20",
   "dateymd":"2020-05-10",
   "dd":"0",
   "dl":"5",
   "dn":"0",
   "ga":"0",
   "gj":"21",
   "hp":"0",
   "hr":"1",
   "jh":"0",
   "jk":"0",
   "ka":"1",
   "kl":"0",
   "la":"0",
   "ld":"0",
   "mh":"53",
   "ml":"0",
   "mn":"0",
   "mp":"4",
   "mz":"0",
   "nl":"0",
   "or":"0",
   "pb":"0",
   "py":"0",
   "rj":"2",
   "sk":"0",
   "status":"Deceased",
   "tg":"0",
   "tn":"3",
   "tr":"0",
   "tt":"112",
   "un":"0",
   "up":"5",
   "ut":"0",
   "wb":"14"
  }
 },
 {
  "states_daily":{
   "an":"0",
   "ap":"38",
   "ar":"0",
   "as":"2",
   "br":"42",
   "ch":"8",
   "ct":"0",
   "date":"11-May-20",
   "dateymd":"2020-05-11",
   "dd":"0",
   "dl":"310",
   "dn":"0",
   "ga":"0",
   "gj":"347",
   "hp":"1",
   "hr":"27",
   "jh":"4",
   "jk":"18",
   "ka":"14",
   "kl":"7",
   "la":"0",
   "ld":"0",
   "mh":"1230",
   "ml":"0",
   "mn":"0",
   "mp":"171",
   "mz":"0",
   "nl":"0",
   "or":"38",
   "pb":"54",
   "py":"0",
   "rj":"174",
   "sk":"0",
   "status":"Confirmed",
   "tg":"79",
   "tn":"798",
   "tr":"0",
   "tt":"3592",
   "un":"0",
   "up":"106",
   "ut":"0",
   "wb":"124"
  }
 },
 {
  "states_daily":{
   "an":"0",
   "ap":"73",
   "ar":"0",
   "as":"5",
   "br":"23",
   "ch":"4",
   "ct":"4",
   "date":"11-May-20",
   "dateymd":"2020-05-11",
   "dd":"0",
   "dl":"60",
   "dn":"0",
   "ga":"0",
   "gj":"235",
   "hp":"0",
   "hr":"37",
   "jh":"0",
   "jk":"44",
   "ka":"4",
   "kl":"0",
   "la":"1",
   "ld":"0",
   "mh":"587",
   "ml":"0",
   "mn":"0",
   "mp":"71",
   "mz":"0",
   "nl":"0",
   "or":"17",
   "pb":"2",
   "py":"0",
   "rj":"83",
   "sk":"0",
   "status":"Recovered",
   "tg":"50",
   "tn":"92",
   "tr":"0",
   "tt":"1579",
   "un":"0",
   "up":"105",
   "ut":"0",
   "wb":"82"
  }
 },
 {
  "states_daily":{
   "an":"0",
   "ap":"0",
   "ar":"0",
   "as":"0",
   "br":"0",
   "ch":"0",
   "ct":"0",
   "date":"11-May-20",
   "dateymd":"2020-05-11",
   "dd":"0",
   "dl":"0",
   "dn":"0",
   "ga":"0",
   "gj":"20",
   "hp":"0",
   "hr":"1",
   "jh":"0",
   "jk":"1",
   "ka":"0",
   "kl":"0",
   "la":"0",
   "ld":"0",
   "mh":"36",
   "ml":"0",
   "mn":"0",
   "mp":"6",
   "mz":"0",
   "nl":"0",
   "or":"0",
   "pb":"0",
   "py":"0",
   "rj":"5",
   "sk":"0",
   "status":"Deceased",
   "tg":"0",
   "tn":"6",
   "tr":"0",
   "tt":"81",
   "un":"0",
   "up":"1",
   "ut":"0",
   "wb":"5"
  }
 },
 {
  "states_daily":{
   "an":"0",
   "ap":"71",
   "ar":"0",
   "as":"0",
   "br":"130",
   "ch":"6",
   "ct":"0",
   "date":"12-May-20",
   "dateymd":"2020-05-12",
   "dd":"0",
   "dl":"406",
   "dn":"0",
   "ga":"0",
   "gj":"362",
   "hp":"8",
   "hr":"50",
   "jh":"11",
   "jk":"55",
   "ka":"63",
   "kl":"5",
   "la":"0",
   "ld":"0",
   "mh":"1026",
   "ml":"0",
   "mn":"0",
   "mp":"201",
   "mz":"0",
   "nl":"0",
   "or":"22",
   "pb":"37",
   "py":"0",
   "rj":"138",
   "sk":"0",
   "status":"Confirmed",
   "tg":"51",
   "tn":"716",
   "tr":"2",
   "tt":"3562",
   "un":"0",
   "up":"91",
   "ut":"1",
   "wb":"110"
  }
 },
 {
  "states_daily":{
   "an":"0",
   "ap":"58",
   "ar":"0",
   "as":"0",
   "br":"5",
   "ch":"2",
   "ct":"1",
   "date":"12-May-20",
   "dateymd":"2020-05-12",
   "dd":"0",
   "dl":"383",
   "dn":"1",
   "ga":"0",
   "gj":"466",
   "hp":"0",
   "hr":"5",
   "jh":"1",
   "jk":"28",
   "ka":"7",
   "kl":"0",
   "la":"0",
   "ld":"0",
   "mh":"339",
   "ml":"0",
   "mn":"0",
   "mp":"113",
   "mz":"0",
   "nl":"0",
   "or":"31",
   "pb":"3",
   "py":"0",
   "rj":"130",
   "sk":"0",
   "status":"Recovered",
   "tg":"21",
   "tn":"83",
   "tr":"0",
   "tt":"1905",
   "un":"0",
   "up":"115",
   "ut":"0",
   "wb":"113"
  }
 },
 {
  "states_daily":{
   "an":"0",
   "ap":"1",
   "ar":"0",
   "as":"0",
   "br":"0",
   "ch":"0",
   "ct":"0",
   "date":"12-May-20",
   "dateymd":"2020-05-12",
   "dd":"0",
   "dl":"13",
   "dn":"0",
   "ga":"0",
   "gj":"24",
   "hp":"0",
   "hr":"0",
   "jh":"0",
   "jk":"0",
   "ka":"0",
   "kl":"0",
   "la":"0",
   "ld":"0",
   "mh":"53",
   "ml":"0",
   "mn":"0",
   "mp":"4",
   "mz":"0",
   "nl":"0",
   "or":"0",
   "pb":"1",
   "py":"0",
   "rj":"4",
   "sk":"0",
   "status":"Deceased",
   "tg":"2",
   "tn":"8",
   "tr":"0",
   "tt":"120",
   "un":"0",
   "up":"2",
   "ut":"0",
   "wb":"8"
  }
 },
 {
  "states_daily":{
   "an":"0",
   "ap":"48",
   "ar":"0",
   "as":"15",
   "br":"74",
   "ch":"4",
   "ct":"0",
   "date":"13-May-20",
   "dateymd":"2020-05-13",
   "dd":"0",
   "dl":"359",
   "dn":"0",
   "ga":"0",
   "gj":"364",
   "hp":"1",
   "hr":"13",
   "jh":"5",
   "jk":"37",
   "ka":"34",
   "kl":"10",
   "la":"1",
   "ld":"0",
   "mh":"1495",
   "ml":"0",
   "mn":"0",
   "mp":"187",
   "mz":"0",
   "nl":"0",
   "or":"101",
   "pb":"10",
   "py":"1",
   "rj":"202",
   "sk":"0",
   "status":"Confirmed",
   "tg":"41",
   "tn":"509",
   "tr":"1",
   "tt":"3726",
   "un":"0",
   "up":"94",
   "ut":"3",
   "wb":"117"
  }
 },
 {
  "states_daily":{
   "an":"0",
   "ap":"86",
   "ar":"0",
   "as":"0",
   "br":"18",
   "ch":"0",
   "ct":"1",
   "date":"13-May-20",
   "dateymd":"2020-05-13",
   "dd":"0",
   "dl":"346",
   "dn":"0",
   "ga":"0",
   "gj":"316",
   "hp":"0",
   "hr":"76",
   "jh":"8",
   "jk":"11",
   "ka":"18",
   "kl":"1",
   "la":"0",
   "ld":"0",
   "mh":"422",
   "ml":"1",
   "mn":"0",
   "mp":"144",
   "mz":"0",
   "nl":"0",
   "or":"27",
   "pb":"29",
   "py":"0",
   "rj":"119",
   "sk":"0",
   "status":"Recovered",
   "tg":"117",
   "tn":"41",
   "tr":"0",
   "tt":"1963",
   "un":"0",
   "up":"92",
   "ut":"0",
   "wb":"90"
  }
 },
 {
  "states_daily":{
   "an":"0",
   "ap":"1",
   "ar":"0",
   "as":"0",
   "br":"1",
   "ch":"0",
   "ct":"0",
   "date":"13-May-20",
   "dateymd":"2020-05-13",
   "dd":"0",
   "dl":"20",
   "dn":"0",
   "ga":"0",
   "gj":"29",
   "hp":"0",
   "hr":"0",
   "jh":"0",
   "jk":"1",
   "ka":"2",
   "kl":"0",
   "la":"0",
   "ld":"0",
   "mh":"54",
   "ml":"0",
   "mn":"0",
   "mp":"7",
   "mz":"0",
   "nl":"0",
   "or":"0",
   "pb":"0",
   "py":"0",
   "rj":"4",
   "sk":"0",
   "status":"Deceased",
   "tg":"2",
   "tn":"3",
   "tr":"0",
   "tt":"137",
   "un":"0",
   "up":"4",
   "ut":"0",
   "wb":"9"
  }
 },
 {
  "states_daily":{
   "an":"0",
   "ap":"68",
   "ar":"0",
   "as":"7",
   "br":"46",
   "ch":"0",
   "ct":"1",
   "date":"14-May-20",
   "dateymd":"2020-05-14",
   "dd":"0",
   "dl":"472",
   "dn":"0",
   "ga":"8",
   "gj":"324",
   "hp":"6",
   "hr":"25",
   "jh":"26",
   "jk":"12",
   "ka":"28",
   "kl":"26",
   "la":"0",
   "ld":"0",
   "mh":"1602",
   "ml":"0",
   "mn":"1",
   "mp":"253",
   "mz":"0",
   "nl":"0",
   "or":"134",
   "pb":"11",
   "py":"3",
   "rj":"206",
   "sk":"0",
   "status":"Confirmed",
   "tg":"47",
   "tn":"447",
   "tr":"1",
   "tt":"3991",
   "un":"0",
   "up":"144",
   "ut":"6",
   "wb":"87"
  }
 },
 {
  "states_daily":{
   "an":"0",
   "ap":"50",
   "ar":"0",
   "as":"0",
   "br":"12",
   "ch":"7",
   "ct":"1",
   "date":"14-May-20",
   "dateymd":"2020-05-14",
   "dd":"0",
   "dl":"187",
   "dn":"0",
   "ga":"0",
   "gj":"191",
   "hp":"0",
   "hr":"21",
   "jh":"0",
   "jk":"19",
   "ka":"9",
   "kl":"3",
   "la":"0",
   "ld":"0",
   "mh":"542",
   "ml":"0",
   "mn":"0",
   "mp":"167",
   "mz":"0",
   "nl":"0",
   "or":"15",
   "pb":"23",
   "py":"0",
   "rj":"65",
   "sk":"0",
   "status":"Recovered",
   "tg":"13",
   "tn":"65",
   "tr":"27",
   "tt":"1594",
   "un":"0",
   "up":"107",
   "ut":"4",
   "wb":"66"
  }
 },
 {
  "states_daily":{
   "an":"0",
   "ap":"1",
   "ar":"0",
   "as":"0",
   "br":"0",
   "ch":"0",
   "ct":"0",
   "date":"14-May-20",
   "dateymd":"2020-05-14",
   "dd":"0",
   "dl":"9",
   "dn":"0",
   "ga":"0",
   "gj":"20",
   "hp":"0",
   "hr":"0",
   "jh":"0",
   "jk":"0",
   "ka":"2",
   "kl":"0",
   "la":"0",
   "ld":"0",
   "mh":"44",
   "ml":"0",
   "mn":"0",
   "mp":"5",
   "mz":"0",
   "nl":"0",
   "or":"0",
   "pb":"0",
   "py":"0",
   "rj":"4",
   "sk":"0",
   "status":"Deceased",
   "tg":"0",
   "tn":"2",
   "tr":"0",
   "tt":"97",
   "un":"0",
   "up":"2",
   "ut":"0",
   "wb":"8"
  }
 },
 {
  "states_daily":{
   "an":"0",
   "ap":"102",
   "ar":"0",
   "as":"3",
   "br":"34",
   "ch":"0",
   "ct":"6",
   "date":"15-May-20",
   "dateymd":"2020-05-15",
   "dd":"0",
   "dl":"425",
   "dn":"0",
   "ga":"0",
   "gj":"340",
   "hp":"2",
   "hr":"36",
   "jh":"8",
   "jk":"30",
   "ka":"69",
   "kl":"16",
   "la":"0",
   "ld":"0",
   "mh":"1576",
   "ml":"0",
   "mn":"0",
   "mp":"169",
   "mz":"0",
   "nl":"0",
   "or":"65",
   "pb":"-3",
   "py":"0",
   "rj":"213",
   "sk":"0",
   "status":"Confirmed",
   "tg":"40",
   "tn":"434",
   "tr":"0",
   "tt":"3808",
   "un":"0",
   "up":"155",
   "ut":"4",
   "wb":"84"
  }
 },
 {
  "states_daily":{
   "an":"0",
   "ap":"60",
   "ar":"0",
   "as":"1",
   "br":"28",
   "ch":"3",
   "ct":"0",
   "date":"15-May-20",
   "dateymd":"2020-05-15",
   "dd":"0",
   "dl":"473",
   "dn":"0",
   "ga":"0",
   "gj":"282",
   "hp":"0",
   "hr":"25",
   "jh":"10",
   "jk":"28",
   "ka":"20",
   "kl":"0",
   "la":"2",
   "ld":"0",
   "mh":"475",
   "ml":"0",
   "mn":"0",
   "mp":"112",
   "mz":"0",
   "nl":"0",
   "or":"8",
   "pb":"82",
   "py":"0",
   "rj":"91",
   "sk":"0",
   "status":"Recovered",
   "tg":"7",
   "tn":"359",
   "tr":"13",
   "tt":"2234",
   "un":"0",
   "up":"93",
   "ut":"1",
   "wb":"61"
  }
 },
 {
  "states_daily":{
   "an":"0",
   "ap":"0",
   "ar":"0",
   "as":"0",
   "br":"0",
   "ch":"0",
   "ct":"0",
   "date":"15-May-20",
   "dateymd":"2020-05-15",
   "dd":"0",
   "dl":"8",
   "dn":"0",
   "ga":"0",
   "gj":"20",
   "hp":"0",
   "hr":"2",
   "jh":"0",
   "jk":"0",
   "ka":"1",
   "kl":"0",
   "la":"0",
   "ld":"0",
   "mh":"49",
   "ml":"0",
   "mn":"0",
   "mp":"2",
   "mz":"0",
   "nl":"0",
   "or":"0",
   "pb":"0",
   "py":"0",
   "rj":"0",
   "sk":"0",
   "status":"Deceased",
   "tg":"0",
   "tn":"5",
   "tr":"0",
   "tt":"104",
   "un":"0",
   "up":"7",
   "ut":"0",
   "wb":"10"
  }
 },
 {
  "states_daily":{
   "an":"0",
   "ap":"48",
   "ar":"0",
   "as":"3",
   "br":"145",
   "ch":"0",
   "ct":"1",
   "date":"16-May-20",
   "dateymd":"2020-05-16",
   "dd":"0",
   "dl":"438",
   "dn":"0",
   "ga":"5",
   "gj":"1057",
   "hp":"2",
   "hr":"33",
   "jh":"6",
   "jk":"108",
   "ka":"36",
   "kl":"11",
   "la":"0",
   "ld":"0",
   "mh":"1606",
   "ml":"0",
   "mn":"4",
   "mp":"195",
   "mz":"0",
   "nl":"0",
   "or":"0",
   "pb":"14",
   "py":"1",
   "rj":"213",
   "sk":"0",
   "status":"Confirmed",
   "tg":"55",
   "tn":"477",
   "tr":"11",
   "tt":"4794",
   "un":"0",
   "up":"201",
   "ut":"9",
   "wb":"115"
  }
 },
 {
  "states_daily":{
   "an":"0",
   "ap":"101",
   "ar":"0",
   "as":"0",
   "br":"33",
   "ch":"11",
   "ct":"2",
   "date":"16-May-20",
   "dateymd":"2020-05-16",
   "dd":"0",
   "dl":"408",
   "dn":"0",
   "ga":"0",
   "gj":"273",
   "hp":"4",
   "hr":"50",
   "jh":"16",
   "jk":"29",
   "ka":"16",
   "kl":"4",
   "la":"0",
   "ld":"0",
   "mh":"524",
   "ml":"0",
   "mn":"0",
   "mp":"32",
   "mz":"0",
   "nl":"0",
   "or":"30",
   "pb":"952",
   "py":"0",
   "rj":"215",
   "sk":"0",
   "status":"Recovered",
   "tg":"12",
   "tn":"939",
   "tr":"22",
   "tt":"4012",
   "un":"0",
   "up":"276",
   "ut":"0",
   "wb":"63"
  }
 },
 {
  "states_daily":{
   "an":"0",
   "ap":"1",
   "ar":"0",
   "as":"0",
   "br":"1",
   "ch":"0",
   "ct":"0",
   "date":"16-May-20",
   "dateymd":"2020-05-16",
   "dd":"0",
   "dl":"6",
   "dn":"0",
   "ga":"0",
   "gj":"19",
   "hp":"0",
   "hr":"0",
   "jh":"0",
   "jk":"1",
   "ka":"0",
   "kl":"0",
   "la":"0",
   "ld":"0",
   "mh":"67",
   "ml":"0",
   "mn":"0",
   "mp":"4",
   "mz":"0",
   "nl":"0",
   "or":"0",
   "pb":"0",
   "py":"0",
   "rj":"1",
   "sk":"0",
   "status":"Deceased",
   "tg":"0",
   "tn":"4",
   "tr":"0",
   "tt":"120",
   "un":"0",
   "up":"9",
   "ut":"0",
   "wb":"7"
  }
 },
 {
  "states_daily":{
   "an":"0",
   "ap":"25",
   "ar":"0",
   "as":"8",
   "br":"142",
   "ch":"0",
   "ct":"18",
   "date":"17-May-20",
   "dateymd":"2020-05-17",
   "dd":"0",
   "dl":"422",
   "dn":"0",
   "ga":"9",
   "gj":"391",
   "hp":"2",
   "hr":"23",
   "jh":"6",
   "jk":"62",
   "ka":"55",
   "kl":"14",
   "la":"0",
   "ld":"0",
   "mh":"2347",
   "ml":"0",
   "mn":"0",
   "mp":"187",
   "mz":"0",
   "nl":"0",
   "or":"91",
   "pb":"18",
   "py":"0",
   "rj":"242",
   "sk":"0",
   "status":"Confirmed",
   "tg":"42",
   "tn":"639",
   "tr":"-2",
   "tt":"5049",
   "un":"0",
   "up":"206",
   "ut":"1",
   "wb":"101"
  }
 },
 {
  "states_daily":{
   "an":"0",
   "ap":"103",
   "ar":"0",
   "as":"1",
   "br":"0",
   "ch":"0",
   "ct":"1",
   "date":"17-May-20",
   "dateymd":"2020-05-17",
   "dd":"0",
   "dl":"276",
   "dn":"0",
   "ga":"0",
   "gj":"191",
   "hp":"1",
   "hr":"48",
   "jh":"0",
   "jk":"33",
   "ka":"13",
   "kl":"0",
   "la":"0",
   "ld":"0",
   "mh":"600",
   "ml":"0",
   "mn":"0",
   "mp":"88",
   "mz":"0",
   "nl":"0",
   "or":"24",
   "pb":"109",
   "py":"0",
   "rj":"111",
   "sk":"0",
   "status":"Recovered",
   "tg":"21",
   "tn":"634",
   "tr":"21",
   "tt":"2538",
   "un":"0",
   "up":"195",
   "ut":"1",
   "wb":"67"
  }
 },
 {
  "states_daily":{
   "an":"0",
   "ap":"1",
   "ar":"0",
   "as":"0",
   "br":"0",
   "ch":"0",
   "ct":"0",
   "date":"17-May-20",
   "dateymd":"2020-05-17",
   "dd":"0",
   "dl":"19",
   "dn":"0",
   "ga":"0",
   "gj":"34",
   "hp":"0",
   "hr":"1",
   "jh":"0",
   "jk":"1",
   "ka":"1",
   "kl":"0",
   "la":"0",
   "ld":"0",
   "mh":"63",
   "ml":"0",
   "mn":"0",
   "mp":"5",
   "mz":"0",
   "nl":"0",
   "or":"1",
   "pb":"3",
   "py":"0",
   "rj":"5",
   "sk":"0",
   "status":"Deceased",
   "tg":"0",
   "tn":"4",
   "tr":"0",
   "tt":"152",
   "un":"0",
   "up":"8",
   "ut":"0",
   "wb":"6"
  }
 },
 {
  "states_daily":{
   "an":"0",
   "ap":"52",
   "ar":"0",
   "as":"15",
   "br":"103",
   "ch":"5",
   "ct":"10",
   "date":"18-May-20",
   "dateymd":"2020-05-18",
   "dd":"0",
   "dl":"299",
   "dn":"0",
   "ga":"9",
   "gj":"366",
   "hp":"10",
   "hr":"18",
   "jh":"5",
   "jk":"106",
   "ka":"99",
   "kl":"29",
   "la":"0",
   "ld":"0",
   "mh":"2005",
   "ml":"0",
   "mn":"0",
   "mp":"259",
   "mz":"0",
   "nl":"0",
   "or":"48",
   "pb":"16",
   "py":"0",
   "rj":"305",
   "sk":"0",
   "status":"Confirmed",
   "tg":"41",
   "tn":"536",
   "tr":"0",
   "tt":"4628",
   "un":"0",
   "up":"141",
   "ut":"4",
   "wb":"147"
  }
 },
 {
  "states_daily":{
   "an":"0",
   "ap":"96",
   "ar":"0",
   "as":"0",
   "br":"44",
   "ch":"3",
   "ct":"0",
   "date":"18-May-20",
   "dateymd":"2020-05-18",
   "dd":"0",
   "dl":"283",
   "dn":"0",
   "ga":"0",
   "gj":"305",
   "hp":"2",
   "hr":"36",
   "jh":"14",
   "jk":"34",
   "ka":"21",
   "kl":"0",
   "la":"19",
   "ld":"0",
   "mh":"749",
   "ml":"1",
   "mn":"0",
   "mp":"32",
   "mz":"0",
   "nl":"0",
   "or":"57",
   "pb":"181",
   "py":"0",
   "rj":"163",
   "sk":"0",
   "status":"Recovered",
   "tg":"10",
   "tn":"234",
   "tr":"4",
   "tt":"2482",
   "un":"0",
   "up":"147",
   "ut":"0",
   "wb":"47"
  }
 },
 {
  "states_daily":{
   "an":"0",
   "ap":"0",
   "ar":"0",
   "as":"2",
   "br":"1",
   "ch":"0",
   "ct":"0",
   "date":"18-May-20",
   "dateymd":"2020-05-18",
   "dd":"0",
   "dl":"12",
   "dn":"0",
   "ga":"0",
   "gj":"35",
   "hp":"0",
   "hr":"0",
   "jh":"0",
   "jk":"2",
   "ka":"0",
   "kl":"0",
   "la":"0",
   "ld":"0",
   "mh":"51",
   "ml":"0",
   "mn":"0",
   "mp":"4",
   "mz":"0",
   "nl":"0",
   "or":"0",
   "pb":"2",
   "py":"0",
   "rj":"7",
   "sk":"0",
   "status":"Deceased",
   "tg":"0",
   "tn":"3",
   "tr":"0",
   "tt":"131",
   "un":"0",
   "up":"6",
   "ut":"0",
   "wb":"6"
  }
 },
 {
  "states_daily":{
   "an":"0",
   "ap":"57",
   "ar":"0",
   "as":"42",
   "br":"96",
   "ch":"3",
   "ct":"5",
   "date":"19-May-20",
   "dateymd":"2020-05-19",
   "dd":"0",
   "dl":"500",
   "dn":"0",
   "ga":"8",
   "gj":"395",
   "hp":"2",
   "hr":"36",
   "jh":"20",
   "jk":"28",
   "ka":"149",
   "kl":"12",
   "la":"0",
   "ld":"0",
   "mh":"2078",
   "ml":"0",
   "mn":"2",
   "mp":"229",
   "mz":"0",
   "nl":"0",
   "or":"102",
   "pb":"22",
   "py":"5",
   "rj":"338",
   "sk":"0",
   "status":"Confirmed",
   "tg":"42",
   "tn":"688",
   "tr":"8",
   "tt":"6154",
   "un":"814",
   "up":"321",
   "ut":"15",
   "wb":"137"
  }
 },
 {
  "states_daily":{
   "an":"0",
   "ap":"69",
   "ar":"0",
   "as":"0",
   "br":"0",
   "ch":"3",
   "ct":"0",
   "date":"19-May-20",
   "dateymd":"2020-05-19",
   "dd":"0",
   "dl":"265",
   "dn":"0",
   "ga":"0",
   "gj":"239",
   "hp":"5",
   "hr":"29",
   "jh":"0",
   "jk":"38",
   "ka":"13",
   "kl":"0",
   "la":"0",
   "ld":"0",
   "mh":"1202",
   "ml":"0",
   "mn":"0",
   "mp":"196",
   "mz":"0",
   "nl":"0",
   "or":"30",
   "pb":"95",
   "py":"1",
   "rj":"119",
   "sk":"0",
   "status":"Recovered",
   "tg":"9",
   "tn":"489",
   "tr":"27",
   "tt":"3032",
   "un":"0",
   "up":"135",
   "ut":"0",
   "wb":"68"
  }
 },
 {
  "states_daily":{
   "an":"0",
   "ap":"2",
   "ar":"0",
   "as":"0",
   "br":"0",
   "ch":"0",
   "ct":"0",
   "date":"19-May-20",
   "dateymd":"2020-05-19",
   "dd":"0",
   "dl":"6",
   "dn":"0",
   "ga":"0",
   "gj":"25",
   "hp":"1",
   "hr":"0",
   "jh":"0",
   "jk":"2",
   "ka":"3",
   "kl":"0",
   "la":"0",
   "ld":"0",
   "mh":"76",
   "ml":"0",
   "mn":"0",
   "mp":"6",
   "mz":"0",
   "nl":"0",
   "or":"1",
   "pb":"1",
   "py":"0",
   "rj":"5",
   "sk":"0",
   "status":"Deceased",
   "tg":"4",
   "tn":"3",
   "tr":"0",
   "tt":"146",
   "un":"0",
   "up":"5",
   "ut":"0",
   "wb":"6"
  }
 },
 {
  "states_daily":{
   "an":"0",
   "ap":"71",
   "ar":"0",
   "as":"31",
   "br":"257",
   "ch":"3",
   "ct":"14",
   "date":"20-May-20",
   "dateymd":"2020-05-20",
   "dd":"0",
   "dl":"534",
   "dn":"0",
   "ga":"4",
   "gj":"398",
   "hp":"18",
   "hr":"29",
   "jh":"42",
   "jk":"73",
   "ka":"67",
   "kl":"24",
   "la":"1",
   "ld":"0",
   "mh":"2161",
   "ml":"1",
   "mn":"16",
   "mp":"270",
   "mz":"0",
   "nl":"0",
   "or":"74",
   "pb":"3",
   "py":"1",
   "rj":"170",
   "sk":"0",
   "status":"Confirmed",
   "tg":"27",
   "tn":"743",
   "tr":"0",
   "tt":"5720",
   "un":"282",
   "up":"249",
   "ut":"15",
   "wb":"142"
  }
 },
 {
  "states_daily":{
   "an":"0",
   "ap":"43",
   "ar":"0",
   "as":"7",
   "br":"54",
   "ch":"79",
   "ct":"0",
   "date":"20-May-20",
   "dateymd":"2020-05-20",
   "dd":"0",
   "dl":"442",
   "dn":"0",
   "ga":"0",
   "gj":"176",
   "hp":"3",
   "hr":"21",
   "jh":"2",
   "jk":"31",
   "ka":"13",
   "kl":"5",
   "la":"0",
   "ld":"0",
   "mh":"679",
   "ml":"0",
   "mn":"0",
   "mp":"103",
   "mz":"0",
   "nl":"0",
   "or":"36",
   "pb":"152",
   "py":"0",
   "rj":"67",
   "sk":"0",
   "status":"Recovered",
   "tg":"2",
   "tn":"987",
   "tr":"0",
   "tt":"3113",
   "un":"0",
   "up":"148",
   "ut":"1",
   "wb":"62"
  }
 },
 {
  "states_daily":{
   "an":"0",
   "ap":"1",
   "ar":"0",
   "as":"0",
   "br":"0",
   "ch":"0",
   "ct":"0",
   "date":"20-May-20",
   "dateymd":"2020-05-20",
   "dd":"0",
   "dl":"10",
   "dn":"0",
   "ga":"0",
   "gj":"30",
   "hp":"0",
   "hr":"0",
   "jh":"0",
   "jk":"1",
   "ka":"1",
   "kl":"0",
   "la":"0",
   "ld":"0",
   "mh":"65",
   "ml":"0",
   "mn":"0",
   "mp":"9",
   "mz":"0",
   "nl":"0",
   "or":"1",
   "pb":"0",
   "py":"0",
   "rj":"4",
   "sk":"0",
   "status":"Deceased",
   "tg":"2",
   "tn":"3",
   "tr":"0",
   "tt":"134",
   "un":"0",
   "up":"4",
   "ut":"0",
   "wb":"3"
  }
 },
 {
  "states_daily":{
   "an":"0",
   "ap":"45",
   "ar":"0",
   "as":"22",
   "br":"211",
   "ch":"16",
   "ct":"14",
   "date":"21-May-20",
   "dateymd":"2020-05-21",
   "dd":"0",
   "dl":"571",
   "dn":"0",
   "ga":"2",
   "gj":"371",
   "hp":"42",
   "hr":"37",
   "jh":"13",
   "jk":"59",
   "ka":"143",
   "kl":"24",
   "la":"0",
   "ld":"0",
   "mh":"2345",
   "ml":"0",
   "mn":"0",
   "mp":"246",
   "mz":"0",
   "nl":"0",
   "or":"51",
   "pb":"23",
   "py":"0",
   "rj":"212",
   "sk":"0",
   "status":"Confirmed",
   "tg":"38",
   "tn":"776",
   "tr":"2",
   "tt":"6023",
   "un":"307",
   "up":"340",
   "ut":"19",
   "wb":"94"
  }
 },
 {
  "states_daily":{
   "an":"0",
   "ap":"41",
   "ar":"0",
   "as":"6",
   "br":"0",
   "ch":"42",
   "ct":"0",
   "date":"21-May-20",
   "dateymd":"2020-05-21",
   "dd":"0",
   "dl":"375",
   "dn":"0",
   "ga":"0",
   "gj":"269",
   "hp":"5",
   "hr":"33",
   "jh":"7",
   "jk":"6",
   "ka":"15",
   "kl":"8",
   "la":"0",
   "ld":"0",
   "mh":"1408",
   "ml":"0",
   "mn":"0",
   "mp":"110",
   "mz":"0",
   "nl":"0",
   "or":"50",
   "pb":"25",
   "py":"0",
   "rj":"81",
   "sk":"0",
   "status":"Recovered",
   "tg":"23",
   "tn":"400",
   "tr":"32",
   "tt":"3131",
   "un":"0",
   "up":"138",
   "ut":"0",
   "wb":"57"
  }
 },
 {
  "states_daily":{
   "an":"0",
   "ap":"1",
   "ar":"0",
   "as":"0",
   "br":"0",
   "ch":"0",
   "ct":"0",
   "date":"21-May-20",
   "dateymd":"2020-05-21",
   "dd":"0",
   "dl":"18",
   "dn":"0",
   "ga":"0",
   "gj":"24",
   "hp":"0",
   "hr":"0",
   "jh":"0",
   "jk":"2",
   "ka":"0",
   "kl":"0",
   "la":"0",
   "ld":"0",
   "mh":"64",
   "ml":"0",
   "mn":"0",
   "mp":"4",
   "mz":"0",
   "nl":"0",
   "or":"1",
   "pb":"1",
   "py":"0",
   "rj":"4",
   "sk":"0",
   "status":"Deceased",
   "tg":"5",
   "tn":"7",
   "tr":"0",
   "tt":"148",
   "un":"0",
   "up":"11",
   "ut":"0",
   "wb":"6"
  }
 },
 {
  "states_daily":{
   "an":"0",
   "ap":"62",
   "ar":"0",
   "as":"15",
   "br":"179",
   "ch":"1",
   "ct":"44",
   "date":"22-May-20",
   "dateymd":"2020-05-22",
   "dd":"0",
   "dl":"660",
   "dn":"0",
   "ga":"2",
   "gj":"363",
   "hp":"16",
   "hr":"37",
   "jh":"20",
   "jk":"40",
   "ka":"138",
   "kl":"42",
   "la":"2",
   "ld":"0",
   "mh":"2940",
   "ml":"0",
   "mn":"1",
   "mp":"189",
   "mz":"0",
   "nl":"0",
   "or":"86",
   "pb":"1",
   "py":"3",
   "rj":"267",
   "sk":"0",
   "status":"Confirmed",
   "tg":"62",
   "tn":"786",
   "tr":"0",
   "tt":"6536",
   "un":"217",
   "up":"220",
   "ut":"8",
   "wb":"135"
  }
 },
 {
  "states_daily":{
   "an":"0",
   "ap":"26",
   "ar":"0",
   "as":"0",
   "br":"58",
   "ch":"0",
   "ct":"3",
   "date":"22-May-20",
   "dateymd":"2020-05-22",
   "dd":"0",
   "dl":"330",
   "dn":"0",
   "ga":"9",
   "gj":"392",
   "hp":"0",
   "hr":"25",
   "jh":"0",
   "jk":"36",
   "ka":"26",
   "kl":"2",
   "la":"0",
   "ld":"0",
   "mh":"857",
   "ml":"0",
   "mn":"0",
   "mp":"245",
   "mz":"0",
   "nl":"0",
   "or":"43",
   "pb":"28",
   "py":"0",
   "rj":"195",
   "sk":"0",
   "status":"Recovered",
   "tg":"7",
   "tn":"846",
   "tr":"4",
   "tt":"3280",
   "un":"0",
   "up":"120",
   "ut":"0",
   "wb":"28"
  }
 },
 {
  "states_daily":{
   "an":"0",
   "ap":"1",
   "ar":"0",
   "as":"0",
   "br":"2",
   "ch":"0",
   "ct":"0",
   "date":"22-May-20",
   "dateymd":"2020-05-22",
   "dd":"0",
   "dl":"14",
   "dn":"0",
   "ga":"0",
   "gj":"29",
   "hp":"0",
   "hr":"2",
   "jh":"0",
   "jk":"0",
   "ka":"0",
   "kl":"1",
   "la":"0",
   "ld":"0",
   "mh":"63",
   "ml":"0",
   "mn":"0",
   "mp":"1",
   "mz":"0",
   "nl":"0",
   "or":"0",
   "pb":"0",
   "py":"0",
   "rj":"2",
   "sk":"0",
   "status":"Deceased",
   "tg":"3",
   "tn":"4",
   "tr":"0",
   "tt":"142",
   "un":"0",
   "up":"14",
   "ut":"0",
   "wb":"6"
  }
 },
 {
  "states_daily":{
   "an":"0",
   "ap":"47",
   "ar":"0",
   "as":"121",
   "br":"228",
   "ch":"6",
   "ct":"42",
   "date":"23-May-20",
   "dateymd":"2020-05-23",
   "dd":"0",
   "dl":"591",
   "dn":"1",
   "ga":"1",
   "gj":"396",
   "hp":"17",
   "hr":"64",
   "jh":"27",
   "jk":"80",
   "ka":"216",
   "kl":"62",
   "la":"3",
   "ld":"0",
   "mh":"2608",
   "ml":"0",
   "mn":"3",
   "mp":"201",
   "mz":"0",
   "nl":"0",
   "or":"80",
   "pb":"16",
   "py":"0",
   "rj":"248",
   "sk":"1",
   "status":"Confirmed",
   "tg":"52",
   "tn":"759",
   "tr":"16",
   "tt":"6663",
   "un":"279",
   "up":"282",
   "ut":"91",
   "wb":"127"
  }
 },
 {
  "states_daily":{
   "an":"0",
   "ap":"48",
   "ar":"0",
   "as":"2",
   "br":"24",
   "ch":"1",
   "ct":"2",
   "date":"23-May-20",
   "dateymd":"2020-05-23",
   "dd":"0",
   "dl":"370",
   "dn":"0",
   "ga":"0",
   "gj":"289",
   "hp":"2",
   "hr":"44",
   "jh":"5",
   "jk":"54",
   "ka":"11",
   "kl":"3",
   "la":"0",
   "ld":"0",
   "mh":"821",
   "ml":"0",
   "mn":"0",
   "mp":"178",
   "mz":"0",
   "nl":"0",
   "or":"61",
   "pb":"23",
   "py":"0",
   "rj":"106",
   "sk":"0",
   "status":"Recovered",
   "tg":"25",
   "tn":"363",
   "tr":"0",
   "tt":"2576",
   "un":"0",
   "up":"82",
   "ut":"2",
   "wb":"60"
  }
 },
 {
  "states_daily":{
   "an":"0",
   "ap":"1",
   "ar":"0",
   "as":"0",
   "br":"0",
   "ch":"0",
   "ct":"0",
   "date":"23-May-20",
   "dateymd":"2020-05-23",
   "dd":"0",
   "dl":"23",
   "dn":"0",
   "ga":"0",
   "gj":"27",
   "hp":"0",
   "hr":"0",
   "jh":"0",
   "jk":"1",
   "ka":"1",
   "kl":"0",
   "la":"0",
   "ld":"0",
   "mh":"60",
   "ml":"0",
   "mn":"0",
   "mp":"9",
   "mz":"0",
   "nl":"0",
   "or":"0",
   "pb":"0",
   "py":"0",
   "rj":"7",
   "sk":"0",
   "status":"Deceased",
   "tg":"1",
   "tn":"5",
   "tr":"0",
   "tt":"142",
   "un":"0",
   "up":"3",
   "ut":"0",
   "wb":"4"
  }
 },
 {
  "states_daily":{
   "an":"0",
   "ap":"66",
   "ar":"1",
   "as":"46",
   "br":"180",
   "ch":"37",
   "ct":"38",
   "date":"24-May-20",
   "dateymd":"2020-05-24",
   "dd":"0",
   "dl":"508",
   "dn":"0",
   "ga":"11",
   "gj":"394",
   "hp":"18",
   "hr":"53",
   "jh":"20",
   "jk":"52",
   "ka":"130",
   "kl":"53",
   "la":"3",
   "ld":"0",
   "mh":"3041",
   "ml":"0",
   "mn":"3",
   "mp":"294",
   "mz":"0",
   "nl":"0",
   "or":"67",
   "pb":"15",
   "py":"15",
   "rj":"286",
   "sk":"0",
   "status":"Confirmed",
   "tg":"41",
   "tn":"765",
   "tr":"3",
   "tt":"7111",
   "un":"439",
   "up":"251",
   "ut":"73",
   "wb":"208"
  }
 },
 {
  "states_daily":{
   "an":"0",
   "ap":"62",
   "ar":"0",
   "as":"1",
   "br":"49",
   "ch":"0",
   "ct":"0",
   "date":"24-May-20",
   "dateymd":"2020-05-24",
   "dd":"0",
   "dl":"273",
   "dn":"0",
   "ga":"0",
   "gj":"243",
   "hp":"2",
   "hr":"15",
   "jh":"7",
   "jk":"35",
   "ka":"46",
   "kl":"5",
   "la":"0",
   "ld":"0",
   "mh":"1196",
   "ml":"0",
   "mn":"2",
   "mp":"141",
   "mz":"0",
   "nl":"0",
   "or":"53",
   "pb":"28",
   "py":"2",
   "rj":"62",
   "sk":"0",
   "status":"Recovered",
   "tg":"24",
   "tn":"833",
   "tr":"13",
   "tt":"3285",
   "un":"0",
   "up":"132",
   "ut":"3",
   "wb":"58"
  }
 },
 {
  "states_daily":{
   "an":"0",
   "ap":"0",
   "ar":"0",
   "as":"0",
   "br":"0",
   "ch":"1",
   "ct":"0",
   "date":"24-May-20",
   "dateymd":"2020-05-24",
   "dd":"0",
   "dl":"30",
   "dn":"0",
   "ga":"0",
   "gj":"29",
   "hp":"0",
   "hr":"0",
   "jh":"1",
   "jk":"0",
   "ka":"0",
   "kl":"1",
   "la":"0",
   "ld":"0",
   "mh":"58",
   "ml":"0",
   "mn":"0",
   "mp":"9",
   "mz":"0",
   "nl":"0",
   "or":"0",
   "pb":"1",
   "py":"0",
   "rj":"3",
   "sk":"0",
   "status":"Deceased",
   "tg":"4",
   "tn":"8",
   "tr":"0",
   "tt":"156",
   "un":"0",
   "up":"6",
   "ut":"2",
   "wb":"3"
  }
 },
 {
  "states_daily":{
   "an":"0",
   "ap":"106",
   "ar":"0",
   "as":"156",
   "br":"163",
   "ch":"4",
   "ct":"40",
   "date":"25-May-20",
   "dateymd":"2020-05-25",
   "dd":"0",
   "dl":"635",
   "dn":"0",
   "ga":"1",
   "gj":"405",
   "hp":"20",
   "hr":"29",
   "jh":"35",
   "jk":"47",
   "ka":"93",
   "kl":"49",
   "la":"1",
   "ld":"0",
   "mh":"2436",
   "ml":"1",
   "mn":"4",
   "mp":"194",
   "mz":"0",
   "nl":"3",
   "or":"102",
   "pb":"21",
   "py":"8",
   "rj":"272",
   "sk":"0",
   "status":"Confirmed",
   "tg":"66",
   "tn":"805",
   "tr":"4",
   "tt":"6414",
   "un":"304",
   "up":"229",
   "ut":"32",
   "wb":"149"
  }
 },
 {
  "states_daily":{
   "an":"0",
   "ap":"51",
   "ar":"0",
   "as":"5",
   "br":"31",
   "ch":"8",
   "ct":"3",
   "date":"25-May-20",
   "dateymd":"2020-05-25",
   "dd":"0",
   "dl":"231",
   "dn":"0",
   "ga":"3",
   "gj":"224",
   "hp":"4",
   "hr":"37",
   "jh":"0",
   "jk":"0",
   "ka":"51",
   "kl":"12",
   "la":"0",
   "ld":"0",
   "mh":"1186",
   "ml":"0",
   "mn":"0",
   "mp":"163",
   "mz":"0",
   "nl":"0",
   "or":"99",
   "pb":"15",
   "py":"5",
   "rj":"208",
   "sk":"0",
   "status":"Recovered",
   "tg":"72",
   "tn":"407",
   "tr":"0",
   "tt":"3012",
   "un":"0",
   "up":"122",
   "ut":"0",
   "wb":"75"
  }
 },
 {
  "states_daily":{
   "an":"0",
   "ap":"0",
   "ar":"0",
   "as":"0",
   "br":"2",
   "ch":"0",
   "ct":"0",
   "date":"25-May-20",
   "dateymd":"2020-05-25",
   "dd":"0",
   "dl":"15",
   "dn":"0",
   "ga":"0",
   "gj":"30",
   "hp":"0",
   "hr":"0",
   "jh":"0",
   "jk":"2",
   "ka":"2",
   "kl":"0",
   "la":"0",
   "ld":"0",
   "mh":"60",
   "ml":"0",
   "mn":"0",
   "mp":"10",
   "mz":"0",
   "nl":"0",
   "or":"0",
   "pb":"0",
   "py":"0",
   "rj":"4",
   "sk":"0",
   "status":"Deceased",
   "tg":"3",
   "tn":"7",
   "tr":"0",
   "tt":"150",
   "un":"0",
   "up":"8",
   "ut":"1",
   "wb":"6"
  }
 },
 {
  "states_daily":{
   "an":"0",
   "ap":"97",
   "ar":"0",
   "as":"134",
   "br":"231",
   "ch":"12",
   "ct":"68",
   "date":"26-May-20",
   "dateymd":"2020-05-26",
   "dd":"0",
   "dl":"412",
   "dn":"0",
   "ga":"0",
   "gj":"361",
   "hp":"24",
   "hr":"92",
   "jh":"21",
   "jk":"91",
   "ka":"101",
   "kl":"67",
   "la":"0",
   "ld":"0",
   "mh":"2091",
   "ml":"5",
   "mn":"3",
   "mp":"165",
   "mz":"0",
   "nl":"1",
   "or":"79",
   "pb":"25",
   "py":"0",
   "rj":"236",
   "sk":"0",
   "status":"Confirmed",
   "tg":"112",
   "tn":"646",
   "tr":"34",
   "tt":"5907",
   "un":"328",
   "up":"227",
   "ut":"51",
   "wb":"193"
  }
 },
 {
  "states_daily":{
   "an":"0",
   "ap":"125",
   "ar":"0",
   "as":"0",
   "br":"67",
   "ch":"0",
   "ct":"12",
   "date":"26-May-20",
   "dateymd":"2020-05-26",
   "dd":"0",
   "dl":"183",
   "dn":"0",
   "ga":"9",
   "gj":"501",
   "hp":"0",
   "hr":"22",
   "jh":"5",
   "jk":"24",
   "ka":"59",
   "kl":"10",
   "la":"0",
   "ld":"0",
   "mh":"1168",
   "ml":"0",
   "mn":"0",
   "mp":"118",
   "mz":"0",
   "nl":"0",
   "or":"84",
   "pb":"5",
   "py":"0",
   "rj":"220",
   "sk":"0",
   "status":"Recovered",
   "tg":"120",
   "tn":"611",
   "tr":"0",
   "tt":"3585",
   "un":"0",
   "up":"164",
   "ut":"6",
   "wb":"72"
  }
 },
 {
  "states_daily":{
   "an":"0",
   "ap":"1",
   "ar":"0",
   "as":"0",
   "br":"1",
   "ch":"0",
   "ct":"0",
   "date":"26-May-20",
   "dateymd":"2020-05-26",
   "dd":"0",
   "dl":"12",
   "dn":"0",
   "ga":"0",
   "gj":"27",
   "hp":"0",
   "hr":"0",
   "jh":"0",
   "jk":"1",
   "ka":"0",
   "kl":"1",
   "la":"0",
   "ld":"0",
   "mh":"97",
   "ml":"0",
   "mn":"0",
   "mp":"5",
   "mz":"0",
   "nl":"0",
   "or":"0",
   "pb":"0",
   "py":"0",
   "rj":"3",
   "sk":"0",
   "status":"Deceased",
   "tg":"1",
   "tn":"11",
   "tr":"0",
   "tt":"173",
   "un":"0",
   "up":"8",
   "ut":"0",
   "wb":"5"
  }
 },
 {
  "states_daily":{
   "an":"0",
   "ap":"134",
   "ar":"0",
   "as":"101",
   "br":"68",
   "ch":"1",
   "ct":"4",
   "date":"27-May-20",
   "dateymd":"2020-05-27",
   "dd":"0",
   "dl":"792",
   "dn":"0",
   "ga":"1",
   "gj":"376",
   "hp":"26",
   "hr":"76",
   "jh":"7",
   "jk":"162",
   "ka":"135",
   "kl":"40",
   "la":"1",
   "ld":"0",
   "mh":"2190",
   "ml":"0",
   "mn":"5",
   "mp":"237",
   "mz":"0",
   "nl":"5",
   "or":"76",
   "pb":"33",
   "py":"0",
   "rj":"280",
   "sk":"0",
   "status":"Confirmed",
   "tg":"107",
   "tn":"817",
   "tr":"10",
   "tt":"7246",
   "un":"1043",
   "up":"267",
   "ut":"69",
   "wb":"183"
  }
 },
 {
  "states_daily":{
   "an":"0",
   "ap":"48",
   "ar":"0",
   "as":"25",
   "br":"118",
   "ch":"0",
   "ct":"4",
   "date":"27-May-20",
   "dateymd":"2020-05-27",
   "dd":"0",
   "dl":"310",
   "dn":"0",
   "ga":"9",
   "gj":"410",
   "hp":"3",
   "hr":"14",
   "jh":"0",
   "jk":"21",
   "ka":"17",
   "kl":"10",
   "la":"0",
   "ld":"0",
   "mh":"964",
   "ml":"0",
   "mn":"0",
   "mp":"238",
   "mz":"0",
   "nl":"0",
   "or":"79",
   "pb":"0",
   "py":"0",
   "rj":"286",
   "sk":"0",
   "status":"Recovered",
   "tg":"37",
   "tn":"567",
   "tr":"0",
   "tt":"3434",
   "un":"0",
   "up":"167",
   "ut":"15",
   "wb":"92"
  }
 },
 {
  "states_daily":{
   "an":"0",
   "ap":"1",
   "ar":"0",
   "as":"0",
   "br":"1",
   "ch":"0",
   "ct":"0",
   "date":"27-May-20",
   "dateymd":"2020-05-27",
   "dd":"0",
   "dl":"15",
   "dn":"0",
   "ga":"0",
   "gj":"23",
   "hp":"2",
   "hr":"2",
   "jh":"0",
   "jk":"2",
   "ka":"3",
   "kl":"0",
   "la":"0",
   "ld":"0",
   "mh":"105",
   "ml":"0",
   "mn":"0",
   "mp":"8",
   "mz":"0",
   "nl":"0",
   "or":"0",
   "pb":"0",
   "py":"0",
   "rj":"3",
   "sk":"0",
   "status":"Deceased",
   "tg":"6",
   "tn":"6",
   "tr":"0",
   "tt":"188",
   "un":"0",
   "up":"5",
   "ut":"0",
   "wb":"6"
  }
 },
 {
  "states_daily":{
   "an":"0",
   "ap":"128",
   "ar":"1",
   "as":"97",
   "br":"149",
   "ch":"10",
   "ct":"34",
   "date":"28-May-20",
   "dateymd":"2020-05-28",
   "dd":"0",
   "dl":"1024",
   "dn":"0",
   "ga":"1",
   "gj":"367",
   "hp":"8",
   "hr":"123",
   "jh":"6",
   "jk":"115",
   "ka":"115",
   "kl":"85",
   "la":"20",
   "ld":"0",
   "mh":"2598",
   "ml":"1",
   "mn":"11",
   "mp":"192",
   "mz":"0",
   "nl":"9",
   "or":"67",
   "pb":"19",
   "py":"4",
   "rj":"251",
   "sk":"0",
   "status":"Confirmed",
   "tg":"117",
   "tn":"827",
   "tr":"2",
   "tt":"7254",
   "un":"319",
   "up":"179",
   "ut":"31",
   "wb":"344"
  }
 },
 {
  "states_daily":{
   "an":"0",
   "ap":"68",
   "ar":"0",
   "as":"16",
   "br":"132",
   "ch":"2",
   "ct":"0",
   "date":"28-May-20",
   "dateymd":"2020-05-28",
   "dd":"0",
   "dl":"231",
   "dn":"0",
   "ga":"1",
   "gj":"454",
   "hp":"7",
   "hr":"43",
   "jh":"0",
   "jk":"5",
   "ka":"53",
   "kl":"3",
   "la":"0",
   "ld":"0",
   "mh":"698",
   "ml":"0",
   "mn":"0",
   "mp":"123",
   "mz":"0",
   "nl":"0",
   "or":"75",
   "pb":"28",
   "py":"0",
   "rj":"253",
   "sk":"0",
   "status":"Recovered",
   "tg":"24",
   "tn":"639",
   "tr":"2",
   "tt":"3171",
   "un":"0",
   "up":"224",
   "ut":"0",
   "wb":"90"
  }
 },
 {
  "states_daily":{
   "an":"0",
   "ap":"1",
   "ar":"0",
   "as":"0",
   "br":"0",
   "ch":"0",
   "ct":"0",
   "date":"28-May-20",
   "dateymd":"2020-05-28",
   "dd":"0",
   "dl":"13",
   "dn":"0",
   "ga":"0",
   "gj":"22",
   "hp":"0",
   "hr":"1",
   "jh":"0",
   "jk":"1",
   "ka":"0",
   "kl":"1",
   "la":"0",
   "ld":"0",
   "mh":"85",
   "ml":"0",
   "mn":"0",
   "mp":"8",
   "mz":"0",
   "nl":"0",
   "or":"0",
   "pb":"0",
   "py":"0",
   "rj":"7",
   "sk":"0",
   "status":"Deceased",
   "tg":"4",
   "tn":"12",
   "tr":"0",
   "tt":"176",
   "un":"0",
   "up":"15",
   "ut":"0",
   "wb":"6"
  }
 },
 {
  "states_daily":{
   "an":"0",
   "ap":"85",
   "ar":"0",
   "as":"177",
   "br":"174",
   "ch":"0",
   "ct":"17",
   "date":"29-May-20",
   "dateymd":"2020-05-29",
   "dd":"0",
   "dl":"1105",
   "dn":"0",
   "ga":"0",
   "gj":"372",
   "hp":"14",
   "hr":"217",
   "jh":"82",
   "jk":"128",
   "ka":"248",
   "kl":"62",
   "la":"0",
   "ld":"0",
   "mh":"2682",
   "ml":"6",
   "mn":"4",
   "mp":"192",
   "mz":"0",
   "nl":"7",
   "or":"63",
   "pb":"39",
   "py":"4",
   "rj":"298",
   "sk":"0",
   "status":"Confirmed",
   "tg":"169",
   "tn":"874",
   "tr":"10",
   "tt":"8138",
   "un":"341",
   "up":"275",
   "ut":"216",
   "wb":"277"
  }
 },
 {
  "states_daily":{
   "an":"0",
   "ap":"101",
   "ar":"0",
   "as":"22",
   "br":"159",
   "ch":"0",
   "ct":"17",
   "date":"29-May-20",
   "dateymd":"2020-05-29",
   "dd":"0",
   "dl":"351",
   "dn":"0",
   "ga":"3",
   "gj":"608",
   "hp":"10",
   "hr":"59",
   "jh":"63",
   "jk":"16",
   "ka":"60",
   "kl":"10",
   "la":"0",
   "ld":"0",
   "mh":"8381",
   "ml":"0",
   "mn":"2",
   "mp":"219",
   "mz":"0",
   "nl":"0",
   "or":"90",
   "pb":"3",
   "py":"6",
   "rj":"429",
   "sk":"0",
   "status":"Recovered",
   "tg":"36",
   "tn":"765",
   "tr":"0",
   "tt":"11735",
   "un":"0",
   "up":"195",
   "ut":"23",
   "wb":"107"
  }
 },
 {
  "states_daily":{
   "an":"0",
   "ap":"1",
   "ar":"0",
   "as":"0",
   "br":"0",
   "ch":"0",
   "ct":"1",
   "date":"29-May-20",
   "dateymd":"2020-05-29",
   "dd":"0",
   "dl":"82",
   "dn":"0",
   "ga":"0",
   "gj":"20",
   "hp":"0",
   "hr":"0",
   "jh":"1",
   "jk":"1",
   "ka":"1",
   "kl":"1",
   "la":"0",
   "ld":"0",
   "mh":"116",
   "ml":"0",
   "mn":"0",
   "mp":"13",
   "mz":"0",
   "nl":"0",
   "or":"2",
   "pb":"2",
   "py":"0",
   "rj":"4",
   "sk":"0",
   "status":"Deceased",
   "tg":"4",
   "tn":"9",
   "tr":"0",
   "tt":"269",
   "un":"0",
   "up":"4",
   "ut":"0",
   "wb":"7"
  }
 },
 {
  "states_daily":{
   "an":"0",
   "ap":"131",
   "ar":"1",
   "as":"159",
   "br":"206",
   "ch":"0",
   "ct":"32",
   "date":"30-May-20",
   "dateymd":"2020-05-30",
   "dd":"0",
   "dl":"1163",
   "dn":"0",
   "ga":"1",
   "gj":"412",
   "hp":"18",
   "hr":"202",
   "jh":"73",
   "jk":"177",
   "ka":"141",
   "kl":"58",
   "la":"3",
   "ld":"0",
   "mh":"2940",
   "ml":"0",
   "mn":"1",
   "mp":"246",
   "mz":"0",
   "nl":"11",
   "or":"96",
   "pb":"36",
   "py":"0",
   "rj":"252",
   "sk":"0",
   "status":"Confirmed",
   "tg":"74",
   "tn":"938",
   "tr":"17",
   "tt":"8364",
   "un":"370",
   "up":"256",
   "ut":"33",
   "wb":"317"
  }
 },
 {
  "states_daily":{
   "an":"0",
   "ap":"55",
   "ar":"0",
   "as":"38",
   "br":"102",
   "ch":"10",
   "ct":"2",
   "date":"30-May-20",
   "dateymd":"2020-05-30",
   "dd":"0",
   "dl":"229",
   "dn":"0",
   "ga":"1",
   "gj":"621",
   "hp":"24",
   "hr":"31",
   "jh":"40",
   "jk":"33",
   "ka":"103",
   "kl":"10",
   "la":"0",
   "ld":"0",
   "mh":"1084",
   "ml":"0",
   "mn":"0",
   "mp":"175",
   "mz":"0",
   "nl":"0",
   "or":"73",
   "pb":"18",
   "py":"0",
   "rj":"495",
   "sk":"0",
   "status":"Recovered",
   "tg":"31",
   "tn":"687",
   "tr":"5",
   "tt":"4303",
   "un":"0",
   "up":"241",
   "ut":"0",
   "wb":"195"
  }
 },
 {
  "states_daily":{
   "an":"0",
   "ap":"0",
   "ar":"0",
   "as":"0",
   "br":"6",
   "ch":"0",
   "ct":"0",
   "date":"30-May-20",
   "dateymd":"2020-05-30",
   "dd":"0",
   "dl":"18",
   "dn":"0",
   "ga":"0",
   "gj":"27",
   "hp":"0",
   "hr":"1",
   "jh":"0",
   "jk":"0",
   "ka":"1",
   "kl":"1",
   "la":"0",
   "ld":"0",
   "mh":"99",
   "ml":"0",
   "mn":"0",
   "mp":"9",
   "mz":"0",
   "nl":"0",
   "or":"0",
   "pb":"2",
   "py":"0",
   "rj":"9",
   "sk":"0",
   "status":"Deceased",
   "tg":"6",
   "tn":"6",
   "tr":"0",
   "tt":"205",
   "un":"0",
   "up":"12",
   "ut":"1",
   "wb":"7"
  }
 },
 {
  "states_daily":{
   "an":"0",
   "ap":"110",
   "ar":"0",
   "as":"123",
   "br":"242",
   "ch":"4",
   "ct":"51",
   "date":"31-May-20",
   "dateymd":"2020-05-31",
   "dd":"0",
   "dl":"1295",
   "dn":"0",
   "ga":"1",
   "gj":"438",
   "hp":"18",
   "hr":"168",
   "jh":"41",
   "jk":"105",
   "ka":"299",
   "kl":"61",
   "la":"0",
   "ld":"0",
   "mh":"2487",
   "ml":"0",
   "mn":"11",
   "mp":"198",
   "mz":"0",
   "nl":"7",
   "or":"129",
   "pb":"30",
   "py":"13",
   "rj":"214",
   "sk":"0",
   "status":"Confirmed",
   "tg":"199",
   "tn":"1149",
   "tr":"45",
   "tt":"8789",
   "un":"448",
   "up":"374",
   "ut":"158",
   "wb":"371"
  }
 },
 {
  "states_daily":{
   "an":"0",
   "ap":"51",
   "ar":"0",
   "as":"22",
   "br":"209",
   "ch":"0",
   "ct":"12",
   "date":"31-May-20",
   "dateymd":"2020-05-31",
   "dd":"0",
   "dl":"403",
   "dn":"0",
   "ga":"2",
   "gj":"689",
   "hp":"9",
   "hr":"77",
   "jh":"0",
   "jk":"19",
   "ka":"221",
   "kl":"15",
   "la":"4",
   "ld":"0",
   "mh":"1248",
   "ml":"0",
   "mn":"5",
   "mp":"398",
   "mz":"0",
   "nl":"0",
   "or":"76",
   "pb":"20",
   "py":"2",
   "rj":"293",
   "sk":"0",
   "status":"Recovered",
   "tg":"16",
   "tn":"757",
   "tr":"1",
   "tt":"4928",
   "un":"0",
   "up":"192",
   "ut":"0",
   "wb":"187"
  }
 },
 {
  "states_daily":{
   "an":"0",
   "ap":"2",
   "ar":"0",
   "as":"0",
   "br":"2",
   "ch":"0",
   "ct":"0",
   "date":"31-May-20",
   "dateymd":"2020-05-31",
   "dd":"0",
   "dl":"57",
   "dn":"0",
   "ga":"0",
   "gj":"31",
   "hp":"0",
   "hr":"0",
   "jh":"0",
   "jk":"0",
   "ka":"2",
   "kl":"0",
   "la":"0",
   "ld":"0",
   "mh":"89",
   "ml":"0",
   "mn":"0",
   "mp":"7",
   "mz":"0",
   "nl":"0",
   "or":"0",
   "pb":"1",
   "py":"0",
   "rj":"1",
   "sk":"0",
   "status":"Deceased",
   "tg":"5",
   "tn":"13",
   "tr":"0",
   "tt":"222",
   "un":"0",
   "up":"4",
   "ut":"0",
   "wb":"8"
  }
 },
 {
  "states_daily":{
   "an":"0",
   "ap":"105",
   "ar":"18",
   "as":"146",
   "br":"138",
   "ch":"4",
   "ct":"49",
   "date":"01-Jun-20",
   "dateymd":"2020-06-01",
   "dd":"0",
   "dl":"990",
   "dn":"1",
   "ga":"2",
   "gj":"423",
   "hp":"9",
   "hr":"265",
   "jh":"26",
   "jk":"155",
   "ka":"187",
   "kl":"57",
   "la":"0",
   "ld":"0",
   "mh":"2358",
   "ml":"1",
   "mn":"12",
   "mp":"194",
   "mz":"0",
   "nl":"0",
   "or":"156",
   "pb":"38",
   "py":"9",
   "rj":"269",
   "sk":"0",
   "status":"Confirmed",
   "tg":"94",
   "tn":"1162",
   "tr":"107",
   "tt":"7723",
   "un":"139",
   "up":"286",
   "ut":"52",
   "wb":"271"
  }
 },
 {
  "states_daily":{
   "an":"0",
   "ap":"34",
   "ar":"0",
   "as":"99",
   "br":"221",
   "ch":"15",
   "ct":"7",
   "date":"01-Jun-20",
   "dateymd":"2020-06-01",
   "dd":"0",
   "dl":"268",
   "dn":"0",
   "ga":"6",
   "gj":"861",
   "hp":"2",
   "hr":"7",
   "jh":"40",
   "jk":"19",
   "ka":"100",
   "kl":"18",
   "la":"0",
   "ld":"0",
   "mh":"779",
   "ml":"0",
   "mn":"0",
   "mp":"161",
   "mz":"0",
   "nl":"0",
   "or":"119",
   "pb":"13",
   "py":"0",
   "rj":"181",
   "sk":"0",
   "status":"Recovered",
   "tg":"63",
   "tn":"413",
   "tr":"0",
   "tt":"3882",
   "un":"0",
   "up":"187",
   "ut":"120",
   "wb":"149"
  }
 },
 {
  "states_daily":{
   "an":"0",
   "ap":"2",
   "ar":"0",
   "as":"0",
   "br":"0",
   "ch":"0",
   "ct":"0",
   "date":"01-Jun-20",
   "dateymd":"2020-06-01",
   "dd":"0",
   "dl":"50",
   "dn":"0",
   "ga":"0",
   "gj":"25",
   "hp":"0",
   "hr":"1",
   "jh":"0",
   "jk":"3",
   "ka":"1",
   "kl":"1",
   "la":"0",
   "ld":"0",
   "mh":"76",
   "ml":"0",
   "mn":"0",
   "mp":"8",
   "mz":"0",
   "nl":"0",
   "or":"0",
   "pb":"-1",
   "py":"0",
   "rj":"5",
   "sk":"0",
   "status":"Deceased",
   "tg":"6",
   "tn":"11",
   "tr":"0",
   "tt":"201",
   "un":"0",
   "up":"5",
   "ut":"0",
   "wb":"8"
  }
 },
 {
  "states_daily":{
   "an":"0",
   "ap":"115",
   "ar":"2",
   "as":"74",
   "br":"151",
   "ch":"4",
   "ct":"15",
   "date":"02-Jun-20",
   "dateymd":"2020-06-02",
   "dd":"0",
   "dl":"1298",
   "dn":"0",
   "ga":"6",
   "gj":"415",
   "hp":"5",
   "hr":"296",
   "jh":"61",
   "jk":"117",
   "ka":"388",
   "kl":"86",
   "la":"4",
   "ld":"0",
   "mh":"2287",
   "ml":"2",
   "mn":"6",
   "mp":"137",
   "mz":"12",
   "nl":"6",
   "or":"141",
   "pb":"41",
   "py":"0",
   "rj":"273",
   "sk":"0",
   "status":"Confirmed",
   "tg":"99",
   "tn":"1091",
   "tr":"48",
   "tt":"8812",
   "un":"784",
   "up":"368",
   "ut":"84",
   "wb":"396"
  }
 },
 {
  "states_daily":{
   "an":"0",
   "ap":"40",
   "ar":"0",
   "as":"53",
   "br":"62",
   "ch":"0",
   "ct":"9",
   "date":"02-Jun-20",
   "dateymd":"2020-06-02",
   "dd":"0",
   "dl":"497",
   "dn":"0",
   "ga":"7",
   "gj":"1114",
   "hp":"18",
   "hr":"14",
   "jh":"0",
   "jk":"7",
   "ka":"75",
   "kl":"19",
   "la":"0",
   "ld":"0",
   "mh":"1225",
   "ml":"0",
   "mn":"3",
   "mp":"218",
   "mz":"0",
   "nl":"0",
   "or":"80",
   "pb":"17",
   "py":"0",
   "rj":"222",
   "sk":"0",
   "status":"Recovered",
   "tg":"35",
   "tn":"536",
   "tr":"0",
   "tt":"4531",
   "un":"0",
   "up":"146",
   "ut":"30",
   "wb":"104"
  }
 },
 {
  "states_daily":{
   "an":"0",
   "ap":"0",
   "ar":"0",
   "as":"0",
   "br":"1",
   "ch":"1",
   "ct":"1",
   "date":"02-Jun-20",
   "dateymd":"2020-06-02",
   "dd":"0",
   "dl":"33",
   "dn":"0",
   "ga":"0",
   "gj":"29",
   "hp":"0",
   "hr":"2",
   "jh":"0",
   "jk":"2",
   "ka":"0",
   "kl":"1",
   "la":"1",
   "ld":"0",
   "mh":"103",
   "ml":"0",
   "mn":"0",
   "mp":"6",
   "mz":"0",
   "nl":"0",
   "or":"0",
   "pb":"2",
   "py":"0",
   "rj":"4",
   "sk":"0",
   "status":"Deceased",
   "tg":"4",
   "tn":"13",
   "tr":"0",
   "tt":"222",
   "un":"0",
   "up":"7",
   "ut":"2",
   "wb":"10"
  }
 },
 {
  "states_daily":{
   "an":"0",
   "ap":"180",
   "ar":"10",
   "as":"271",
   "br":"230",
   "ch":"0",
   "ct":"64",
   "date":"03-Jun-20",
   "dateymd":"2020-06-03",
   "dd":"0",
   "dl":"1513",
   "dn":"8",
   "ga":"47",
   "gj":"485",
   "hp":"14",
   "hr":"302",
   "jh":"42",
   "jk":"139",
   "ka":"267",
   "kl":"82",
   "la":"9",
   "ld":"0",
   "mh":"2560",
   "ml":"3",
   "mn":"19",
   "mp":"168",
   "mz":"1",
   "nl":"9",
   "or":"143",
   "pb":"34",
   "py":"11",
   "rj":"279",
   "sk":"1",
   "status":"Confirmed",
   "tg":"129",
   "tn":"1286",
   "tr":"151",
   "tt":"9689",
   "un":"709",
   "up":"141",
   "ut":"42",
   "wb":"340"
  }
 },
 {
  "states_daily":{
   "an":"0",
   "ap":"50",
   "ar":"0",
   "as":"76",
   "br":"222",
   "ch":"0",
   "ct":"40",
   "date":"03-Jun-20",
   "dateymd":"2020-06-03",
   "dd":"0",
   "dl":"299",
   "dn":"0",
   "ga":"0",
   "gj":"318",
   "hp":"10",
   "hr":"20",
   "jh":"1",
   "jk":"54",
   "ka":"111",
   "kl":"24",
   "la":"1",
   "ld":"0",
   "mh":"996",
   "ml":"1",
   "mn":"24",
   "mp":"224",
   "mz":"0",
   "nl":"0",
   "or":"91",
   "pb":"12",
   "py":"8",
   "rj":"309",
   "sk":"0",
   "status":"Recovered",
   "tg":"30",
   "tn":"610",
   "tr":"0",
   "tt":"3789",
   "un":"0",
   "up":"81",
   "ut":"7",
   "wb":"170"
  }
 },
 {
  "states_daily":{
   "an":"0",
   "ap":"4",
   "ar":"0",
   "as":"0",
   "br":"1",
   "ch":"0",
   "ct":"0",
   "date":"03-Jun-20",
   "dateymd":"2020-06-03",
   "dd":"0",
   "dl":"59",
   "dn":"0",
   "ga":"0",
   "gj":"30",
   "hp":"0",
   "hr":"0",
   "jh":"0",
   "jk":"1",
   "ka":"1",
   "kl":"0",
   "la":"0",
   "ld":"0",
   "mh":"122",
   "ml":"0",
   "mn":"0",
   "mp":"7",
   "mz":"0",
   "nl":"0",
   "or":"0",
   "pb":"1",
   "py":"0",
   "rj":"6",
   "sk":"0",
   "status":"Deceased",
   "tg":"7",
   "tn":"8",
   "tr":"0",
   "tt":"259",
   "un":"0",
   "up":"1",
   "ut":"1",
   "wb":"10"
  }
 },
 {
  "states_daily":{
   "an":"0",
   "ap":"141",
   "ar":"5",
   "as":"285",
   "br":"126",
   "ch":"1",
   "ct":"147",
   "date":"04-Jun-20",
   "dateymd":"2020-06-04",
   "dd":"0",
   "dl":"1359",
   "dn":"3",
   "ga":"40",
   "gj":"492",
   "hp":"24",
   "hr":"327",
   "jh":"63",
   "jk":"285",
   "ka":"257",
   "kl":"94",
   "la":"4",
   "ld":"0",
   "mh":"2933",
   "ml":"0",
   "mn":"16",
   "mp":"174",
   "mz":"3",
   "nl":"22",
   "or":"90",
   "pb":"39",
   "py":"9",
   "rj":"210",
   "sk":"0",
   "status":"Confirmed",
   "tg":"127",
   "tn":"1384",
   "tr":"24",
   "tt":"9847",
   "un":"360",
   "up":"367",
   "ut":"68",
   "wb":"368"
  }
 },
 {
  "states_daily":{
   "an":"0",
   "ap":"65",
   "ar":"0",
   "as":"46",
   "br":"95",
   "ch":"8",
   "ct":"36",
   "date":"04-Jun-20",
   "dateymd":"2020-06-04",
   "dd":"0",
   "dl":"356",
   "dn":"0",
   "ga":"0",
   "gj":"455",
   "hp":"29",
   "hr":"34",
   "jh":"69",
   "jk":"41",
   "ka":"106",
   "kl":"39",
   "la":"0",
   "ld":"0",
   "mh":"1352",
   "ml":"0",
   "mn":"0",
   "mp":"192",
   "mz":"0",
   "nl":"0",
   "or":"65",
   "pb":"14",
   "py":"4",
   "rj":"360",
   "sk":"0",
   "status":"Recovered",
   "tg":"31",
   "tn":"585",
   "tr":"0",
   "tt":"4390",
   "un":"0",
   "up":"182",
   "ut":"38",
   "wb":"188"
  }
 },
 {
  "states_daily":{
   "an":"0",
   "ap":"3",
   "ar":"0",
   "as":"0",
   "br":"3",
   "ch":"0",
   "ct":"0",
   "date":"04-Jun-20",
   "dateymd":"2020-06-04",
   "dd":"0",
   "dl":"44",
   "dn":"0",
   "ga":"0",
   "gj":"33",
   "hp":"0",
   "hr":"1",
   "jh":"1",
   "jk":"1",
   "ka":"4",
   "kl":"3",
   "la":"0",
   "ld":"0",
   "mh":"123",
   "ml":"0",
   "mn":"0",
   "mp":"6",
   "mz":"0",
   "nl":"0",
   "or":"0",
   "pb":"0",
   "py":"0",
   "rj":"4",
   "sk":"0",
   "status":"Deceased",
   "tg":"6",
   "tn":"15",
   "tr":"0",
   "tt":"274",
   "un":"0",
   "up":"15",
   "ut":"2",
   "wb":"10"
  }
 },
 {
  "states_daily":{
   "an":"0",
   "ap":"138",
   "ar":"4",
   "as":"128",
   "br":"146",
   "ch":"7",
   "ct":"90",
   "date":"05-Jun-20",
   "dateymd":"2020-06-05",
   "dd":"0",
   "dl":"1330",
   "dn":"0",
   "ga":"30",
   "gj":"510",
   "hp":"10",
   "hr":"316",
   "jh":"95",
   "jk":"182",
   "ka":"515",
   "kl":"111",
   "la":"3",
   "ld":"0",
   "mh":"2436",
   "ml":"0",
   "mn":"8",
   "mp":"234",
   "mz":"7",
   "nl":"27",
   "or":"130",
   "pb":"46",
   "py":"5",
   "rj":"222",
   "sk":"1",
   "status":"Confirmed",
   "tg":"143",
   "tn":"1438",
   "tr":"48",
   "tt":"9472",
   "un":"127",
   "up":"496",
   "ut":"62",
   "wb":"427"
  }
 },
 {
  "states_daily":{
   "an":"0",
   "ap":"36",
   "ar":"0",
   "as":"50",
   "br":"113",
   "ch":"51",
   "ct":"25",
   "date":"05-Jun-20",
   "dateymd":"2020-06-05",
   "dd":"0",
   "dl":"417",
   "dn":"0",
   "ga":"8",
   "gj":"344",
   "hp":"10",
   "hr":"86",
   "jh":"69",
   "jk":"38",
   "ka":"83",
   "kl":"22",
   "la":"0",
   "ld":"0",
   "mh":"1466",
   "ml":"0",
   "mn":"0",
   "mp":"241",
   "mz":"0",
   "nl":"0",
   "or":"123",
   "pb":"26",
   "py":"6",
   "rj":"255",
   "sk":"0",
   "status":"Recovered",
   "tg":"40",
   "tn":"861",
   "tr":"0",
   "tt":"4770",
   "un":"0",
   "up":"209",
   "ut":"47",
   "wb":"144"
  }
 },
 {
  "states_daily":{
   "an":"0",
   "ap":"2",
   "ar":"0",
   "as":"0",
   "br":"1",
   "ch":"0",
   "ct":"0",
   "date":"05-Jun-20",
   "dateymd":"2020-06-05",
   "dd":"0",
   "dl":"49",
   "dn":"0",
   "ga":"0",
   "gj":"35",
   "hp":"0",
   "hr":"0",
   "jh":"1",
   "jk":"1",
   "ka":"0",
   "kl":"0",
   "la":"0",
   "ld":"0",
   "mh":"139",
   "ml":"0",
   "mn":"0",
   "mp":"7",
   "mz":"0",
   "nl":"0",
   "or":"1",
   "pb":"1",
   "py":"0",
   "rj":"5",
   "sk":"0",
   "status":"Deceased",
   "tg":"8",
   "tn":"12",
   "tr":"0",
   "tt":"286",
   "un":"0",
   "up":"12",
   "ut":"1",
   "wb":"11"
  }
 },
 {
  "states_daily":{
   "an":"0",
   "ap":"210",
   "ar":"2",
   "as":"230",
   "br":"233",
   "ch":"3",
   "ct":"60",
   "date":"06-Jun-20",
   "dateymd":"2020-06-06",
   "dd":"0",
   "dl":"1320",
   "dn":"5",
   "ga":"71",
   "gj":"498",
   "hp":"7",
   "hr":"355",
   "jh":"106",
   "jk":"143",
   "ka":"378",
   "kl":"108",
   "la":"2",
   "ld":"0",
   "mh":"2739",
   "ml":"0",
   "mn":"25",
   "mp":"232",
   "mz":"0",
   "nl":"0",
   "or":"173",
   "pb":"54",
   "py":"3",
   "rj":"253",
   "sk":"4",
   "status":"Confirmed",
   "tg":"206",
   "tn":"1458",
   "tr":"55",
   "tt":"10408",
   "un":"582",
   "up":"370",
   "ut":"88",
   "wb":"435"
  }
 },
 {
  "states_daily":{
   "an":"0",
   "ap":"75",
   "ar":"0",
   "as":"79",
   "br":"65",
   "ch":"0",
   "ct":"28",
   "date":"06-Jun-20",
   "dateymd":"2020-06-06",
   "dd":"0",
   "dl":"349",
   "dn":"0",
   "ga":"0",
   "gj":"313",
   "hp":"5",
   "hr":"71",
   "jh":"38",
   "jk":"40",
   "ka":"280",
   "kl":"50",
   "la":"2",
   "ld":"0",
   "mh":"2243",
   "ml":"0",
   "mn":"14",
   "mp":"230",
   "mz":"0",
   "nl":"8",
   "or":"112",
   "pb":"23",
   "py":"5",
   "rj":"142",
   "sk":"0",
   "status":"Recovered",
   "tg":"83",
   "tn":"633",
   "tr":"0",
   "tt":"5433",
   "un":"0",
   "up":"260",
   "ut":"78",
   "wb":"207"
  }
 },
 {
  "states_daily":{
   "an":"0",
   "ap":"0",
   "ar":"0",
   "as":"0",
   "br":"0",
   "ch":"0",
   "ct":"2",
   "date":"06-Jun-20",
   "dateymd":"2020-06-06",
   "dd":"0",
   "dl":"53",
   "dn":"0",
   "ga":"0",
   "gj":"29",
   "hp":"0",
   "hr":"0",
   "jh":"0",
   "jk":"3",
   "ka":"2",
   "kl":"1",
   "la":"0",
   "ld":"0",
   "mh":"120",
   "ml":"0",
   "mn":"0",
   "mp":"15",
   "mz":"0",
   "nl":"0",
   "or":"0",
   "pb":"2",
   "py":"0",
   "rj":"13",
   "sk":"0",
   "status":"Deceased",
   "tg":"10",
   "tn":"19",
   "tr":"0",
   "tt":"297",
   "un":"0",
   "up":"11",
   "ut":"0",
   "wb":"17"
  }
 },
 {
  "states_daily":{
   "an":"0",
   "ap":"199",
   "ar":"3",
   "as":"208",
   "br":"239",
   "ch":"2",
   "ct":"150",
   "date":"07-Jun-20",
   "dateymd":"2020-06-07",
   "dd":"0",
   "dl":"1282",
   "dn":"1",
   "ga":"33",
   "gj":"480",
   "hp":"11",
   "hr":"496",
   "jh":"75",
   "jk":"620",
   "ka":"239",
   "kl":"107",
   "la":"4",
   "ld":"0",
   "mh":"3007",
   "ml":"3",
   "mn":"15",
   "mp":"173",
   "mz":"10",
   "nl":"9",
   "or":"75",
   "pb":"93",
   "py":"12",
   "rj":"262",
   "sk":"0",
   "status":"Confirmed",
   "tg":"154",
   "tn":"1515",
   "tr":"53",
   "tt":"10882",
   "un":"418",
   "up":"433",
   "ut":"52",
   "wb":"449"
  }
 },
 {
  "states_daily":{
   "an":"0",
   "ap":"29",
   "ar":"0",
   "as":"48",
   "br":"107",
   "ch":"1",
   "ct":"7",
   "date":"07-Jun-20",
   "dateymd":"2020-06-07",
   "dd":"0",
   "dl":"335",
   "dn":"1",
   "ga":"0",
   "gj":"319",
   "hp":"28",
   "hr":"194",
   "jh":"17",
   "jk":"90",
   "ka":"159",
   "kl":"41",
   "la":"0",
   "ld":"0",
   "mh":"1924",
   "ml":"0",
   "mn":"0",
   "mp":"223",
   "mz":"0",
   "nl":"0",
   "or":"178",
   "pb":"14",
   "py":"1",
   "rj":"253",
   "sk":"0",
   "status":"Recovered",
   "tg":"32",
   "tn":"604",
   "tr":"19",
   "tt":"5191",
   "un":"0",
   "up":"277",
   "ut":"106",
   "wb":"184"
  }
 },
 {
  "states_daily":{
   "an":"0",
   "ap":"2",
   "ar":"0",
   "as":"0",
   "br":"1",
   "ch":"0",
   "ct":"0",
   "date":"07-Jun-20",
   "dateymd":"2020-06-07",
   "dd":"0",
   "dl":"51",
   "dn":"0",
   "ga":"0",
   "gj":"30",
   "hp":"0",
   "hr":"4",
   "jh":"0",
   "jk":"2",
   "ka":"2",
   "kl":"0",
   "la":"0",
   "ld":"0",
   "mh":"91",
   "ml":"0",
   "mn":"0",
   "mp":"13",
   "mz":"0",
   "nl":"0",
   "or":"1",
   "pb":"1",
   "py":"0",
   "rj":"9",
   "sk":"0",
   "status":"Deceased",
   "tg":"14",
   "tn":"18",
   "tr":"0",
   "tt":"261",
   "un":"0",
   "up":"7",
   "ut":"2",
   "wb":"13"
  }
 },
 {
  "states_daily":{
   "an":"0",
   "ap":"154",
   "ar":"6",
   "as":"154",
   "br":"177",
   "ch":"6",
   "ct":"124",
   "date":"08-Jun-20",
   "dateymd":"2020-06-08",
   "dd":"0",
   "dl":"1007",
   "dn":"2",
   "ga":"30",
   "gj":"477",
   "hp":"10",
   "hr":"406",
   "jh":"187",
   "jk":"198",
   "ka":"308",
   "kl":"91",
   "la":"0",
   "ld":"0",
   "mh":"2554",
   "ml":"3",
   "mn":"100",
   "mp":"237",
   "mz":"8",
   "nl":"6",
   "or":"138",
   "pb":"55",
   "py":"9",
   "rj":"277",
   "sk":"0",
   "status":"Confirmed",
   "tg":"92",
   "tn":"1562",
   "tr":"38",
   "tt":"8536",
   "un":"-773",
   "up":"411",
   "ut":"56",
   "wb":"426"
  }
 },
 {
  "states_daily":{
   "an":"0",
   "ap":"42",
   "ar":"0",
   "as":"148",
   "br":"137",
   "ch":"11",
   "ct":"69",
   "date":"08-Jun-20",
   "dateymd":"2020-06-08",
   "dd":"0",
   "dl":"358",
   "dn":"0",
   "ga":"2",
   "gj":"321",
   "hp":"5",
   "hr":"226",
   "jh":"29",
   "jk":"108",
   "ka":"309",
   "kl":"11",
   "la":"0",
   "ld":"0",
   "mh":"1661",
   "ml":"0",
   "mn":"6",
   "mp":"205",
   "mz":"0",
   "nl":"0",
   "or":"99",
   "pb":"22",
   "py":"4",
   "rj":"363",
   "sk":"0",
   "status":"Recovered",
   "tg":"0",
   "tn":"528",
   "tr":"0",
   "tt":"5171",
   "un":"0",
   "up":"159",
   "ut":"186",
   "wb":"162"
  }
 },
 {
  "states_daily":{
   "an":"0",
   "ap":"0",
   "ar":"0",
   "as":"0",
   "br":"1",
   "ch":"0",
   "ct":"0",
   "date":"08-Jun-20",
   "dateymd":"2020-06-08",
   "dd":"0",
   "dl":"62",
   "dn":"0",
   "ga":"0",
   "gj":"31",
   "hp":"0",
   "hr":"11",
   "jh":"0",
   "jk":"4",
   "ka":"3",
   "kl":"1",
   "la":"0",
   "ld":"0",
   "mh":"109",
   "ml":"0",
   "mn":"0",
   "mp":"2",
   "mz":"0",
   "nl":"0",
   "or":"0",
   "pb":"2",
   "py":"0",
   "rj":"6",
   "sk":"0",
   "status":"Deceased",
   "tg":"5",
   "tn":"17",
   "tr":"0",
   "tt":"271",
   "un":"0",
   "up":"8",
   "ut":"0",
   "wb":"9"
  }
 },
 {
  "states_daily":{
   "an":"1",
   "ap":"69",
   "ar":"0",
   "as":"215",
   "br":"208",
   "ch":"6",
   "ct":"14",
   "date":"09-Jun-20",
   "dateymd":"2020-06-09",
   "dd":"0",
   "dl":"1366",
   "dn":"2",
   "ga":"29",
   "gj":"470",
   "hp":"16",
   "hr":"355",
   "jh":"126",
   "jk":"61",
   "ka":"161",
   "kl":"91",
   "la":"5",
   "ld":"0",
   "mh":"2258",
   "ml":"4",
   "mn":"32",
   "mp":"211",
   "mz":"46",
   "nl":"5",
   "or":"146",
   "pb":"56",
   "py":"4",
   "rj":"369",
   "sk":"6",
   "status":"Confirmed",
   "tg":"178",
   "tn":"1685",
   "tr":"26",
   "tt":"9981",
   "un":"874",
   "up":"388",
   "ut":"126",
   "wb":"372"
  }
 },
 {
  "states_daily":{
   "an":"0",
   "ap":"48",
   "ar":"1",
   "as":"312",
   "br":"228",
   "ch":"0",
   "ct":"12",
   "date":"09-Jun-20",
   "dateymd":"2020-06-09",
   "dd":"0",
   "dl":"504",
   "dn":"0",
   "ga":"0",
   "gj":"409",
   "hp":"14",
   "hr":"107",
   "jh":"40",
   "jk":"182",
   "ka":"164",
   "kl":"34",
   "la":"0",
   "ld":"0",
   "mh":"1664",
   "ml":"0",
   "mn":"6",
   "mp":"193",
   "mz":"0",
   "nl":"2",
   "or":"140",
   "pb":"39",
   "py":"2",
   "rj":"211",
   "sk":"3",
   "status":"Recovered",
   "tg":"0",
   "tn":"798",
   "tr":"0",
   "tt":"5634",
   "un":"0",
   "up":"325",
   "ut":"41",
   "wb":"155"
  }
 },
 {
  "states_daily":{
   "an":"0",
   "ap":"2",
   "ar":"0",
   "as":"1",
   "br":"2",
   "ch":"0",
   "ct":"1",
   "date":"09-Jun-20",
   "dateymd":"2020-06-09",
   "dd":"0",
   "dl":"31",
   "dn":"0",
   "ga":"0",
   "gj":"33",
   "hp":"0",
   "hr":"6",
   "jh":"1",
   "jk":"3",
   "ka":"2",
   "kl":"0",
   "la":"0",
   "ld":"0",
   "mh":"120",
   "ml":"0",
   "mn":"0",
   "mp":"6",
   "mz":"0",
   "nl":"0",
   "or":"0",
   "pb":"2",
   "py":"0",
   "rj":"9",
   "sk":"0",
   "status":"Deceased",
   "tg":"6",
   "tn":"18",
   "tr":"1",
   "tt":"272",
   "un":"0",
   "up":"18",
   "ut":"0",
   "wb":"10"
  }
 },
 {
  "states_daily":{
   "an":"1",
   "ap":"365",
   "ar":"4",
   "as":"235",
   "br":"243",
   "ch":"2",
   "ct":"51",
   "date":"10-Jun-20",
   "dateymd":"2020-06-10",
   "dd":"0",
   "dl":"1501",
   "dn":"5",
   "ga":"28",
   "gj":"510",
   "hp":"14",
   "hr":"370",
   "jh":"135",
   "jk":"161",
   "ka":"120",
   "kl":"65",
   "la":"7",
   "ld":"0",
   "mh":"3254",
   "ml":"1",
   "mn":"7",
   "mp":"200",
   "mz":"5",
   "nl":"1",
   "or":"110",
   "pb":"86",
   "py":"12",
   "rj":"355",
   "sk":"0",
   "status":"Confirmed",
   "tg":"191",
   "tn":"1927",
   "tr":"31",
   "tt":"11156",
   "un":"516",
   "up":"275",
   "ut":"25",
   "wb":"343"
  }
 },
 {
  "states_daily":{
   "an":"0",
   "ap":"110",
   "ar":"2",
   "as":"152",
   "br":"164",
   "ch":"4",
   "ct":"4",
   "date":"10-Jun-20",
   "dateymd":"2020-06-10",
   "dd":"0",
   "dl":"384",
   "dn":"0",
   "ga":"0",
   "gj":"370",
   "hp":"13",
   "hr":"381",
   "jh":"33",
   "jk":"165",
   "ka":"257",
   "kl":"57",
   "la":"0",
   "ld":"0",
   "mh":"1877",
   "ml":"0",
   "mn":"0",
   "mp":"163",
   "mz":"0",
   "nl":"12",
   "or":"149",
   "pb":"65",
   "py":"5",
   "rj":"241",
   "sk":"0",
   "status":"Recovered",
   "tg":"75",
   "tn":"1008",
   "tr":"47",
   "tt":"6275",
   "un":"0",
   "up":"302",
   "ut":"76",
   "wb":"159"
  }
 },
 {
  "states_daily":{
   "an":"0",
   "ap":"1",
   "ar":"0",
   "as":"1",
   "br":"1",
   "ch":"0",
   "ct":"1",
   "date":"10-Jun-20",
   "dateymd":"2020-06-10",
   "dd":"0",
   "dl":"79",
   "dn":"0",
   "ga":"0",
   "gj":"34",
   "hp":"1",
   "hr":"7",
   "jh":"0",
   "jk":"3",
   "ka":"3",
   "kl":"1",
   "la":"0",
   "ld":"0",
   "mh":"149",
   "ml":"0",
   "mn":"0",
   "mp":"7",
   "mz":"0",
   "nl":"0",
   "or":"0",
   "pb":"0",
   "py":"0",
   "rj":"4",
   "sk":"0",
   "status":"Deceased",
   "tg":"8",
   "tn":"19",
   "tr":"0",
   "tt":"358",
   "un":"0",
   "up":"20",
   "ut":"2",
   "wb":"17"
  }
 },
 {
  "states_daily":{
   "an":"3",
   "ap":"182",
   "ar":"6",
   "as":"145",
   "br":"250",
   "ch":"4",
   "ct":"136",
   "date":"11-Jun-20",
   "dateymd":"2020-06-11",
   "dd":"0",
   "dl":"1877",
   "dn":"1",
   "ga":"30",
   "gj":"513",
   "hp":"19",
   "hr":"389",
   "jh":"48",
   "jk":"67",
   "ka":"204",
   "kl":"83",
   "la":"20",
   "ld":"0",
   "mh":"3607",
   "ml":"0",
   "mn":"55",
   "mp":"192",
   "mz":"9",
   "nl":"2",
   "or":"136",
   "pb":"82",
   "py":"13",
   "rj":"238",
   "sk":"0",
   "status":"Confirmed",
   "tg":"209",
   "tn":"1875",
   "tr":"25",
   "tt":"11135",
   "un":"-296",
   "up":"478",
   "ut":"93",
   "wb":"440"
  }
 },
 {
  "states_daily":{
   "an":"0",
   "ap":"99",
   "ar":"0",
   "as":"184",
   "br":"152",
   "ch":"4",
   "ct":"70",
   "date":"11-Jun-20",
   "dateymd":"2020-06-11",
   "dd":"0",
   "dl":"486",
   "dn":"0",
   "ga":"0",
   "gj":"366",
   "hp":"26",
   "hr":"73",
   "jh":"38",
   "jk":"149",
   "ka":"114",
   "kl":"62",
   "la":"4",
   "ld":"0",
   "mh":"1562",
   "ml":"5",
   "mn":"9",
   "mp":"150",
   "mz":"0",
   "nl":"7",
   "or":"72",
   "pb":"27",
   "py":"7",
   "rj":"206",
   "sk":"0",
   "status":"Recovered",
   "tg":"176",
   "tn":"1372",
   "tr":"39",
   "tt":"6044",
   "un":"0",
   "up":"321",
   "ut":"55",
   "wb":"209"
  }
 },
 {
  "states_daily":{
   "an":"0",
   "ap":"2",
   "ar":"0",
   "as":"0",
   "br":"0",
   "ch":"0",
   "ct":"0",
   "date":"11-Jun-20",
   "dateymd":"2020-06-11",
   "dd":"0",
   "dl":"101",
   "dn":"0",
   "ga":"0",
   "gj":"38",
   "hp":"0",
   "hr":"12",
   "jh":"0",
   "jk":"1",
   "ka":"3",
   "kl":"1",
   "la":"0",
   "ld":"0",
   "mh":"152",
   "ml":"0",
   "mn":"0",
   "mp":"4",
   "mz":"0",
   "nl":"0",
   "or":"1",
   "pb":"4",
   "py":"2",
   "rj":"6",
   "sk":"0",
   "status":"Deceased",
   "tg":"9",
   "tn":"23",
   "tr":"0",
   "tt":"394",
   "un":"0",
   "up":"24",
   "ut":"1",
   "wb":"10"
  }
 },
 {
  "states_daily":{
   "an":"0",
   "ap":"207",
   "ar":"19",
   "as":"263",
   "br":"148",
   "ch":"13",
   "ct":"47",
   "date":"12-Jun-20",
   "dateymd":"2020-06-12",
   "dd":"0",
   "dl":"2137",
   "dn":"0",
   "ga":"46",
   "gj":"495",
   "hp":"16",
   "hr":"366",
   "jh":"57",
   "jk":"156",
   "ka":"271",
   "kl":"78",
   "la":"104",
   "ld":"0",
   "mh":"3493",
   "ml":"0",
   "mn":"19",
   "mp":"202",
   "mz":"2",
   "nl":"26",
   "or":"112",
   "pb":"99",
   "py":"6",
   "rj":"230",
   "sk":"50",
   "status":"Confirmed",
   "tg":"164",
   "tn":"1982",
   "tr":"41",
   "tt":"11306",
   "un":"-616",
   "up":"528",
   "ut":"69",
   "wb":"476"
  }
 },
 {
  "states_daily":{
   "an":"0",
   "ap":"123",
   "ar":"0",
   "as":"152",
   "br":"230",
   "ch":"2",
   "ct":"123",
   "date":"12-Jun-20",
   "dateymd":"2020-06-12",
   "dd":"0",
   "dl":"667",
   "dn":"0",
   "ga":"2",
   "gj":"392",
   "hp":"17",
   "hr":"214",
   "jh":"55",
   "jk":"266",
   "ka":"464",
   "kl":"32",
   "la":"4",
   "ld":"0",
   "mh":"1718",
   "ml":"4",
   "mn":"0",
   "mp":"159",
   "mz":"0",
   "nl":"28",
   "or":"120",
   "pb":"23",
   "py":"9",
   "rj":"236",
   "sk":"0",
   "status":"Recovered",
   "tg":"285",
   "tn":"1342",
   "tr":"0",
   "tt":"7263",
   "un":"0",
   "up":"317",
   "ut":"61",
   "wb":"218"
  }
 },
 {
  "states_daily":{
   "an":"0",
   "ap":"0",
   "ar":"0",
   "as":"2",
   "br":"1",
   "ch":"0",
   "ct":"0",
   "date":"12-Jun-20",
   "dateymd":"2020-06-12",
   "dd":"0",
   "dl":"129",
   "dn":"0",
   "ga":"0",
   "gj":"31",
   "hp":"0",
   "hr":"6",
   "jh":"0",
   "jk":"1",
   "ka":"7",
   "kl":"1",
   "la":"0",
   "ld":"0",
   "mh":"127",
   "ml":"0",
   "mn":"0",
   "mp":"9",
   "mz":"0",
   "nl":"0",
   "or":"1",
   "pb":"4",
   "py":"1",
   "rj":"7",
   "sk":"0",
   "status":"Deceased",
   "tg":"9",
   "tn":"18",
   "tr":"0",
   "tt":"388",
   "un":"0",
   "up":"20",
   "ut":"5",
   "wb":"9"
  }
 },
 {
  "states_daily":{
   "an":"0",
   "ap":"222",
   "ar":"5",
   "as":"207",
   "br":"193",
   "ch":"5",
   "ct":"105",
   "date":"13-Jun-20",
   "dateymd":"2020-06-13",
   "dd":"0",
   "dl":"2134",
   "dn":"5",
   "ga":"60",
   "gj":"517",
   "hp":"16",
   "hr":"415",
   "jh":"55",
   "jk":"148",
   "ka":"308",
   "kl":"85",
   "la":"198",
   "ld":"0",
   "mh":"3427",
   "ml":"0",
   "mn":"64",
   "mp":"198",
   "mz":"6",
   "nl":"7",
   "or":"225",
   "pb":"77",
   "py":"13",
   "rj":"333",
   "sk":"0",
   "status":"Confirmed",
   "tg":"253",
   "tn":"1989",
   "tr":"83",
   "tt":"12039",
   "un":"-331",
   "up":"502",
   "ut":"61",
   "wb":"454"
  }
 },
 {
  "states_daily":{
   "an":"0",
   "ap":"94",
   "ar":"2",
   "as":"221",
   "br":"370",
   "ch":"0",
   "ct":"87",
   "date":"13-Jun-20",
   "dateymd":"2020-06-13",
   "dd":"0",
   "dl":"1547",
   "dn":"0",
   "ga":"1",
   "gj":"390",
   "hp":"16",
   "hr":"328",
   "jh":"131",
   "jk":"183",
   "ka":"208",
   "kl":"46",
   "la":"10",
   "ld":"0",
   "mh":"1550",
   "ml":"1",
   "mn":"0",
   "mp":"176",
   "mz":"0",
   "nl":"27",
   "or":"120",
   "pb":"45",
   "py":"6",
   "rj":"326",
   "sk":"2",
   "status":"Recovered",
   "tg":"74",
   "tn":"1362",
   "tr":"37",
   "tt":"8092",
   "un":"0",
   "up":"266",
   "ut":"130",
   "wb":"336"
  }
 },
 {
  "states_daily":{
   "an":"0",
   "ap":"2",
   "ar":"0",
   "as":"0",
   "br":"0",
   "ch":"0",
   "ct":"0",
   "date":"13-Jun-20",
   "dateymd":"2020-06-13",
   "dd":"0",
   "dl":"57",
   "dn":"0",
   "ga":"0",
   "gj":"33",
   "hp":"0",
   "hr":"8",
   "jh":"0",
   "jk":"2",
   "ka":"3",
   "kl":"0",
   "la":"0",
   "ld":"0",
   "mh":"113",
   "ml":"0",
   "mn":"0",
   "mp":"7",
   "mz":"0",
   "nl":"0",
   "or":"0",
   "pb":"2",
   "py":"0",
   "rj":"10",
   "sk":"0",
   "status":"Deceased",
   "tg":"8",
   "tn":"30",
   "tr":"0",
   "tt":"309",
   "un":"0",
   "up":"20",
   "ut":"2",
   "wb":"12"
  }
 },
 {
  "states_daily":{
   "an":"2",
   "ap":"294",
   "ar":"3",
   "as":"218",
   "br":"186",
   "ch":"2",
   "ct":"121",
   "date":"14-Jun-20",
   "dateymd":"2020-06-14",
   "dd":"0",
   "dl":"2224",
   "dn":"4",
   "ga":"41",
   "gj":"511",
   "hp":"16",
   "hr":"459",
   "jh":"52",
   "jk":"163",
   "ka":"176",
   "kl":"54",
   "la":"112",
   "ld":"0",
   "mh":"3390",
   "ml":"0",
   "mn":"9",
   "mp":"161",
   "mz":"2",
   "nl":"10",
   "or":"186",
   "pb":"77",
   "py":"18",
   "rj":"293",
   "sk":"5",
   "status":"Confirmed",
   "tg":"237",
   "tn":"1974",
   "tr":"33",
   "tt":"11405",
   "un":"-548",
   "up":"497",
   "ut":"34",
   "wb":"389"
  }
 },
 {
  "states_daily":{
   "an":"0",
   "ap":"131",
   "ar":"1",
   "as":"155",
   "br":"289",
   "ch":"0",
   "ct":"88",
   "date":"14-Jun-20",
   "dateymd":"2020-06-14",
   "dd":"0",
   "dl":"878",
   "dn":"0",
   "ga":"4",
   "gj":"442",
   "hp":"17",
   "hr":"200",
   "jh":"89",
   "jk":"120",
   "ka":"312",
   "kl":"56",
   "la":"12",
   "ld":"0",
   "mh":"1632",
   "ml":"3",
   "mn":"18",
   "mp":"300",
   "mz":"0",
   "nl":"4",
   "or":"114",
   "pb":"29",
   "py":"9",
   "rj":"229",
   "sk":"0",
   "status":"Recovered",
   "tg":"25",
   "tn":"1138",
   "tr":"118",
   "tt":"7358",
   "un":"0",
   "up":"393",
   "ut":"34",
   "wb":"518"
  }
 },
 {
  "states_daily":{
   "an":"0",
   "ap":"2",
   "ar":"0",
   "as":"0",
   "br":"1",
   "ch":"0",
   "ct":"3",
   "date":"14-Jun-20",
   "dateymd":"2020-06-14",
   "dd":"0",
   "dl":"56",
   "dn":"0",
   "ga":"0",
   "gj":"29",
   "hp":"0",
   "hr":"10",
   "jh":"0",
   "jk":"4",
   "ka":"5",
   "kl":"0",
   "la":"0",
   "ld":"0",
   "mh":"120",
   "ml":"0",
   "mn":"0",
   "mp":"12",
   "mz":"0",
   "nl":"0",
   "or":"1",
   "pb":"2",
   "py":"1",
   "rj":"10",
   "sk":"0",
   "status":"Deceased",
   "tg":"3",
   "tn":"38",
   "tr":"0",
   "tt":"324",
   "un":"0",
   "up":"14",
   "ut":"1",
   "wb":"12"
  }
 },
 {
  "states_daily":{
   "an":"1",
   "ap":"304",
   "ar":"4",
   "as":"191",
   "br":"187",
   "ch":"5",
   "ct":"44",
   "date":"15-Jun-20",
   "dateymd":"2020-06-15",
   "dd":"0",
   "dl":"1647",
   "dn":"0",
   "ga":"28",
   "gj":"514",
   "hp":"38",
   "hr":"514",
   "jh":"30",
   "jk":"179",
   "ka":"213",
   "kl":"82",
   "la":"6",
   "ld":"0",
   "mh":"2786",
   "ml":"0",
   "mn":"32",
   "mp":"133",
   "mz":"5",
   "nl":"4",
   "or":"146",
   "pb":"127",
   "py":"8",
   "rj":"287",
   "sk":"0",
   "status":"Confirmed",
   "tg":"219",
   "tn":"1843",
   "tr":"10",
   "tt":"10032",
   "un":"-464",
   "up":"476",
   "ut":"26",
   "wb":"407"
  }
 },
 {
  "states_daily":{
   "an":"0",
   "ap":"69",
   "ar":"0",
   "as":"245",
   "br":"251",
   "ch":"6",
   "ct":"124",
   "date":"15-Jun-20",
   "dateymd":"2020-06-15",
   "dd":"0",
   "dl":"604",
   "dn":"0",
   "ga":"11",
   "gj":"339",
   "hp":"16",
   "hr":"562",
   "jh":"95",
   "jk":"215",
   "ka":"174",
   "kl":"73",
   "la":"2",
   "ld":"0",
   "mh":"5071",
   "ml":"0",
   "mn":"60",
   "mp":"226",
   "mz":"0",
   "nl":"0",
   "or":"146",
   "pb":"87",
   "py":"4",
   "rj":"219",
   "sk":"0",
   "status":"Recovered",
   "tg":"389",
   "tn":"797",
   "tr":"0",
   "tt":"10639",
   "un":"0",
   "up":"342",
   "ut":"78",
   "wb":"434"
  }
 },
 {
  "states_daily":{
   "an":"0",
   "ap":"2",
   "ar":"0",
   "as":"0",
   "br":"2",
   "ch":"1",
   "ct":"0",
   "date":"15-Jun-20",
   "dateymd":"2020-06-15",
   "dd":"0",
   "dl":"73",
   "dn":"0",
   "ga":"0",
   "gj":"28",
   "hp":"0",
   "hr":"12",
   "jh":"1",
   "jk":"3",
   "ka":"2",
   "kl":"1",
   "la":"0",
   "ld":"0",
   "mh":"178",
   "ml":"0",
   "mn":"0",
   "mp":"6",
   "mz":"0",
   "nl":"0",
   "or":"0",
   "pb":"4",
   "py":"0",
   "rj":"9",
   "sk":"0",
   "status":"Deceased",
   "tg":"2",
   "tn":"44",
   "tr":"0",
   "tt":"396",
   "un":"0",
   "up":"18",
   "ut":"0",
   "wb":"10"
  }
 },
 {
  "states_daily":{
   "an":"3",
   "ap":"264",
   "ar":"4",
   "as":"201",
   "br":"148",
   "ch":"8",
   "ct":"69",
   "date":"16-Jun-20",
   "dateymd":"2020-06-16",
   "dd":"0",
   "dl":"1859",
   "dn":"15",
   "ga":"37",
   "gj":"524",
   "hp":"4",
   "hr":"550",
   "jh":"46",
   "jk":"78",
   "ka":"317",
   "kl":"79",
   "la":"94",
   "ld":"0",
   "mh":"2701",
   "ml":"0",
   "mn":"10",
   "mp":"148",
   "mz":"4",
   "nl":"2",
   "or":"108",
   "pb":"104",
   "py":"14",
   "rj":"235",
   "sk":"0",
   "status":"Confirmed",
   "tg":"213",
   "tn":"1515",
   "tr":"1",
   "tt":"11086",
   "un":"712",
   "up":"507",
   "ut":"97",
   "wb":"415"
  }
 },
 {
  "states_daily":{
   "an":"0",
   "ap":"128",
   "ar":"0",
   "as":"206",
   "br":"345",
   "ch":"1",
   "ct":"91",
   "date":"16-Jun-20",
   "dateymd":"2020-06-16",
   "dd":"0",
   "dl":"73",
   "dn":"7",
   "ga":"0",
   "gj":"418",
   "hp":"19",
   "hr":"183",
   "jh":"121",
   "jk":"177",
   "ka":"322",
   "kl":"60",
   "la":"3",
   "ld":"0",
   "mh":"1802",
   "ml":"2",
   "mn":"8",
   "mp":"249",
   "mz":"0",
   "nl":"15",
   "or":"120",
   "pb":"18",
   "py":"4",
   "rj":"177",
   "sk":"0",
   "status":"Recovered",
   "tg":"261",
   "tn":"1438",
   "tr":"123",
   "tt":"7226",
   "un":"0",
   "up":"294",
   "ut":"27",
   "wb":"534"
  }
 },
 {
  "states_daily":{
   "an":"0",
   "ap":"2",
   "ar":"0",
   "as":"0",
   "br":"1",
   "ch":"0",
   "ct":"0",
   "date":"16-Jun-20",
   "dateymd":"2020-06-16",
   "dd":"0",
   "dl":"437",
   "dn":"0",
   "ga":"0",
   "gj":"28",
   "hp":"0",
   "hr":"18",
   "jh":"0",
   "jk":"1",
   "ka":"7",
   "kl":"0",
   "la":"0",
   "ld":"0",
   "mh":"1409",
   "ml":"0",
   "mn":"0",
   "mp":"11",
   "mz":"0",
   "nl":"0",
   "or":"0",
   "pb":"1",
   "py":"0",
   "rj":"7",
   "sk":"0",
   "status":"Deceased",
   "tg":"4",
   "tn":"49",
   "tr":"0",
   "tt":"2004",
   "un":"0",
   "up":"18",
   "ut":"1",
   "wb":"10"
  }
 },
 {
  "states_daily":{
   "an":"0",
   "ap":"351",
   "ar":"4",
   "as":"184",
   "br":"130",
   "ch":"5",
   "ct":"80",
   "date":"17-Jun-20",
   "dateymd":"2020-06-17",
   "dd":"0",
   "dl":"2414",
   "dn":"5",
   "ga":"27",
   "gj":"520",
   "hp":"25",
   "hr":"560",
   "jh":"57",
   "jk":"108",
   "ka":"204",
   "kl":"75",
   "la":"38",
   "ld":"0",
   "mh":"3307",
   "ml":"-1",
   "mn":"52",
   "mp":"161",
   "mz":"0",
   "nl":"14",
   "or":"175",
   "pb":"126",
   "py":"29",
   "rj":"326",
   "sk":"2",
   "status":"Confirmed",
   "tg":"269",
   "tn":"2174",
   "tr":"43",
   "tt":"13108",
   "un":"589",
   "up":"583",
   "ut":"81",
   "wb":"391"
  }
 },
 {
  "states_daily":{
   "an":"0",
   "ap":"128",
   "ar":"3",
   "as":"231",
   "br":"205",
   "ch":"4",
   "ct":"165",
   "date":"17-Jun-20",
   "dateymd":"2020-06-17",
   "dd":"0",
   "dl":"957",
   "dn":"3",
   "ga":"11",
   "gj":"348",
   "hp":"7",
   "hr":"204",
   "jh":"30",
   "jk":"133",
   "ka":"348",
   "kl":"90",
   "la":"7",
   "ld":"0",
   "mh":"1315",
   "ml":"3",
   "mn":"33",
   "mp":"236",
   "mz":"0",
   "nl":"0",
   "or":"73",
   "pb":"77",
   "py":"10",
   "rj":"505",
   "sk":"0",
   "status":"Recovered",
   "tg":"44",
   "tn":"842",
   "tr":"0",
   "tt":"6890",
   "un":"0",
   "up":"335",
   "ut":"38",
   "wb":"505"
  }
 },
 {
  "states_daily":{
   "an":"0",
   "ap":"2",
   "ar":"0",
   "as":"0",
   "br":"0",
   "ch":"0",
   "ct":"0",
   "date":"17-Jun-20",
   "dateymd":"2020-06-17",
   "dd":"0",
   "dl":"67",
   "dn":"0",
   "ga":"0",
   "gj":"27",
   "hp":"0",
   "hr":"12",
   "jh":"1",
   "jk":"1",
   "ka":"8",
   "kl":"0",
   "la":"0",
   "ld":"0",
   "mh":"114",
   "ml":"0",
   "mn":"0",
   "mp":"6",
   "mz":"0",
   "nl":"0",
   "or":"0",
   "pb":"6",
   "py":"1",
   "rj":"5",
   "sk":"0",
   "status":"Deceased",
   "tg":"1",
   "tn":"48",
   "tr":"0",
   "tt":"341",
   "un":"0",
   "up":"30",
   "ut":"1",
   "wb":"11"
  }
 },
 {
  "states_daily":{
   "an":"1",
   "ap":"425",
   "ar":"0",
   "as":"209",
   "br":"100",
   "ch":"4",
   "ct":"82",
   "date":"18-Jun-20",
   "dateymd":"2020-06-18",
   "dd":"0",
   "dl":"2877",
   "dn":"4",
   "ga":"49",
   "gj":"510",
   "hp":"10",
   "hr":"386",
   "jh":"23",
   "jk":"149",
   "ka":"210",
   "kl":"97",
   "la":"0",
   "ld":"0",
   "mh":"3752",
   "ml":"0",
   "mn":"54",
   "mp":"182",
   "mz":"9",
   "nl":"0",
   "or":"174",
   "pb":"118",
   "py":"26",
   "rj":"315",
   "sk":"0",
   "status":"Confirmed",
   "tg":"352",
   "tn":"2141",
   "tr":"21",
   "tt":"13829",
   "un":"430",
   "up":"604",
   "ut":"80",
   "wb":"435"
  }
 },
 {
  "states_daily":{
   "an":"2",
   "ap":"131",
   "ar":"1",
   "as":"206",
   "br":"185",
   "ch":"0",
   "ct":"103",
   "date":"18-Jun-20",
   "dateymd":"2020-06-18",
   "dd":"0",
   "dl":"3884",
   "dn":"2",
   "ga":"13",
   "gj":"389",
   "hp":"5",
   "hr":"604",
   "jh":"47",
   "jk":"230",
   "ka":"176",
   "kl":"89",
   "la":"3",
   "ld":"0",
   "mh":"1672",
   "ml":"1",
   "mn":"7",
   "mp":"244",
   "mz":"0",
   "nl":"6",
   "or":"97",
   "pb":"32",
   "py":"7",
   "rj":"275",
   "sk":"1",
   "status":"Recovered",
   "tg":"230",
   "tn":"1017",
   "tr":"83",
   "tt":"10741",
   "un":"0",
   "up":"399",
   "ut":"132",
   "wb":"468"
  }
 },
 {
  "states_daily":{
   "an":"0",
   "ap":"2",
   "ar":"0",
   "as":"1",
   "br":"5",
   "ch":"0",
   "ct":"0",
   "date":"18-Jun-20",
   "dateymd":"2020-06-18",
   "dd":"0",
   "dl":"65",
   "dn":"0",
   "ga":"0",
   "gj":"31",
   "hp":"0",
   "hr":"4",
   "jh":"1",
   "jk":"7",
   "ka":"12",
   "kl":"1",
   "la":"0",
   "ld":"0",
   "mh":"100",
   "ml":"0",
   "mn":"0",
   "mp":"4",
   "mz":"0",
   "nl":"0",
   "or":"0",
   "pb":"5",
   "py":"1",
   "rj":"17",
   "sk":"0",
   "status":"Deceased",
   "tg":"3",
   "tn":"49",
   "tr":"0",
   "tt":"343",
   "un":"0",
   "up":"23",
   "ut":"0",
   "wb":"12"
  }
 },
 {
  "states_daily":{
   "an":"2",
   "ap":"465",
   "ar":"32",
   "as":"0",
   "br":"250",
   "ch":"7",
   "ct":"72",
   "date":"19-Jun-20",
   "dateymd":"2020-06-19",
   "dd":"0",
   "dl":"3137",
   "dn":"14",
   "ga":"20",
   "gj":"540",
   "hp":"32",
   "hr":"525",
   "jh":"42",
   "jk":"125",
   "ka":"337",
   "kl":"118",
   "la":"57",
   "ld":"0",
   "mh":"3827",
   "ml":"0",
   "mn":"75",
   "mp":"156",
   "mz":"0",
   "nl":"5",
   "or":"165",
   "pb":"217",
   "py":"16",
   "rj":"299",
   "sk":"0",
   "status":"Confirmed",
   "tg":"499",
   "tn":"2115",
   "tr":"27",
   "tt":"14638",
   "un":"224",
   "up":"809",
   "ut":"74",
   "wb":"355"
  }
 },
 {
  "states_daily":{
   "an":"0",
   "ap":"133",
   "ar":"3",
   "as":"218",
   "br":"137",
   "ch":"9",
   "ct":"103",
   "date":"19-Jun-20",
   "dateymd":"2020-06-19",
   "dd":"0",
   "dl":"2228",
   "dn":"0",
   "ga":"9",
   "gj":"340",
   "hp":"12",
   "hr":"333",
   "jh":"137",
   "jk":"50",
   "ka":"230",
   "kl":"96",
   "la":"0",
   "ld":"0",
   "mh":"1935",
   "ml":"0",
   "mn":"19",
   "mp":"116",
   "mz":"8",
   "nl":"16",
   "or":"153",
   "pb":"66",
   "py":"2",
   "rj":"255",
   "sk":"16",
   "status":"Recovered",
   "tg":"51",
   "tn":"1630",
   "tr":"18",
   "tt":"9029",
   "un":"0",
   "up":"357",
   "ut":"47",
   "wb":"302"
  }
 },
 {
  "states_daily":{
   "an":"0",
   "ap":"4",
   "ar":"0",
   "as":"0",
   "br":"5",
   "ch":"0",
   "ct":"1",
   "date":"19-Jun-20",
   "dateymd":"2020-06-19",
   "dd":"0",
   "dl":"66",
   "dn":"0",
   "ga":"0",
   "gj":"27",
   "hp":"0",
   "hr":"10",
   "jh":"0",
   "jk":"4",
   "ka":"9",
   "kl":"0",
   "la":"0",
   "ld":"0",
   "mh":"142",
   "ml":"0",
   "mn":"0",
   "mp":"9",
   "mz":"0",
   "nl":"0",
   "or":"0",
   "pb":"9",
   "py":"1",
   "rj":"3",
   "sk":"0",
   "status":"Deceased",
   "tg":"3",
   "tn":"41",
   "tr":"0",
   "tt":"364",
   "un":"0",
   "up":"19",
   "ut":"0",
   "wb":"11"
  }
 },
 {
  "states_daily":{
   "an":"0",
   "ap":"491",
   "ar":"0",
   "as":"249",
   "br":"213",
   "ch":"23",
   "ct":"116",
   "date":"20-Jun-20",
   "dateymd":"2020-06-20",
   "dd":"0",
   "dl":"3630",
   "dn":"17",
   "ga":"29",
   "gj":"539",
   "hp":"29",
   "hr":"480",
   "jh":"63",
   "jk":"154",
   "ka":"416",
   "kl":"127",
   "la":"92",
   "ld":"0",
   "mh":"3874",
   "ml":"0",
   "mn":"96",
   "mp":"142",
   "mz":"10",
   "nl":"3",
   "or":"179",
   "pb":"120",
   "py":"51",
   "rj":"381",
   "sk":"0",
   "status":"Confirmed",
   "tg":"546",
   "tn":"2396",
   "tr":"8",
   "tt":"15918",
   "un":"338",
   "up":"541",
   "ut":"124",
   "wb":"441"
  }
 },
 {
  "states_daily":{
   "an":"0",
   "ap":"206",
   "ar":"1",
   "as":"136",
   "br":"269",
   "ch":"1",
   "ct":"63",
   "date":"20-Jun-20",
   "dateymd":"2020-06-20",
   "dd":"0",
   "dl":"7725",
   "dn":"12",
   "ga":"11",
   "gj":"535",
   "hp":"20",
   "hr":"239",
   "jh":"69",
   "jk":"142",
   "ka":"183",
   "kl":"57",
   "la":"22",
   "ld":"0",
   "mh":"1380",
   "ml":"0",
   "mn":"14",
   "mp":"132",
   "mz":"0",
   "nl":"13",
   "or":"237",
   "pb":"42",
   "py":"13",
   "rj":"277",
   "sk":"0",
   "status":"Recovered",
   "tg":"154",
   "tn":"1045",
   "tr":"23",
   "tt":"13974",
   "un":"0",
   "up":"374",
   "ut":"17",
   "wb":"562"
  }
 },
 {
  "states_daily":{
   "an":"0",
   "ap":"5",
   "ar":"0",
   "as":"0",
   "br":"0",
   "ch":"0",
   "ct":"1",
   "date":"20-Jun-20",
   "dateymd":"2020-06-20",
   "dd":"0",
   "dl":"77",
   "dn":"0",
   "ga":"0",
   "gj":"20",
   "hp":"0",
   "hr":"5",
   "jh":"0",
   "jk":"6",
   "ka":"9",
   "kl":"0",
   "la":"0",
   "ld":"0",
   "mh":"91",
   "ml":"0",
   "mn":"0",
   "mp":"6",
   "mz":"0",
   "nl":"0",
   "or":"1",
   "pb":"6",
   "py":"0",
   "rj":"4",
   "sk":"0",
   "status":"Deceased",
   "tg":"5",
   "tn":"38",
   "tr":"0",
   "tt":"308",
   "un":"0",
   "up":"22",
   "ut":"1",
   "wb":"11"
  }
 },
 {
  "states_daily":{
   "an":"1",
   "ap":"477",
   "ar":"4",
   "as":"332",
   "br":"162",
   "ch":"2",
   "ct":"121",
   "date":"21-Jun-20",
   "dateymd":"2020-06-21",
   "dd":"0",
   "dl":"3000",
   "dn":"5",
   "ga":"64",
   "gj":"580",
   "hp":"17",
   "hr":"412",
   "jh":"74",
   "jk":"122",
   "ka":"453",
   "kl":"133",
   "la":"1",
   "ld":"0",
   "mh":"3870",
   "ml":"0",
   "mn":"64",
   "mp":"179",
   "mz":"1",
   "nl":"10",
   "or":"304",
   "pb":"122",
   "py":"28",
   "rj":"393",
   "sk":"8",
   "status":"Confirmed",
   "tg":"730",
   "tn":"2532",
   "tr":"35",
   "tt":"15151",
   "un":"-138",
   "up":"596",
   "ut":"43",
   "wb":"414"
  }
 },
 {
  "states_daily":{
   "an":"2",
   "ap":"196",
   "ar":"6",
   "as":"202",
   "br":"264",
   "ch":"0",
   "ct":"53",
   "date":"21-Jun-20",
   "dateymd":"2020-06-21",
   "dd":"0",
   "dl":"1719",
   "dn":"1",
   "ga":"6",
   "gj":"655",
   "hp":"12",
   "hr":"429",
   "jh":"2",
   "jk":"46",
   "ka":"226",
   "kl":"93",
   "la":"17",
   "ld":"0",
   "mh":"1591",
   "ml":"5",
   "mn":"18",
   "mp":"135",
   "mz":"0",
   "nl":"3",
   "or":"186",
   "pb":"22",
   "py":"9",
   "rj":"323",
   "sk":"4",
   "status":"Recovered",
   "tg":"225",
   "tn":"1438",
   "tr":"79",
   "tt":"9075",
   "un":"0",
   "up":"626",
   "ut":"50",
   "wb":"432"
  }
 },
 {
  "states_daily":{
   "an":"0",
   "ap":"5",
   "ar":"0",
   "as":"0",
   "br":"2",
   "ch":"0",
   "ct":"0",
   "date":"21-Jun-20",
   "dateymd":"2020-06-21",
   "dd":"0",
   "dl":"63",
   "dn":"0",
   "ga":"0",
   "gj":"25",
   "hp":"0",
   "hr":"11",
   "jh":"0",
   "jk":"1",
   "ka":"5",
   "kl":"0",
   "la":"0",
   "ld":"0",
   "mh":"186",
   "ml":"0",
   "mn":"0",
   "mp":"14",
   "mz":"0",
   "nl":"0",
   "or":"4",
   "pb":"1",
   "py":"1",
   "rj":"12",
   "sk":"0",
   "status":"Deceased",
   "tg":"7",
   "tn":"53",
   "tr":"0",
   "tt":"426",
   "un":"0",
   "up":"21",
   "ut":"0",
   "wb":"15"
  }
 },
 {
  "states_daily":{
   "an":"0",
   "ap":"443",
   "ar":"9",
   "as":"267",
   "br":"228",
   "ch":"5",
   "ct":"47",
   "date":"22-Jun-20",
   "dateymd":"2020-06-22",
   "dd":"0",
   "dl":"2909",
   "dn":"15",
   "ga":"46",
   "gj":"563",
   "hp":"54",
   "hr":"390",
   "jh":"42",
   "jk":"132",
   "ka":"249",
   "kl":"138",
   "la":"10",
   "ld":"0",
   "mh":"3721",
   "ml":"2",
   "mn":"57",
   "mp":"175",
   "mz":"1",
   "nl":"69",
   "or":"143",
   "pb":"161",
   "py":"17",
   "rj":"302",
   "sk":"0",
   "status":"Confirmed",
   "tg":"872",
   "tn":"2710",
   "tr":"16",
   "tt":"13560",
   "un":"-1295",
   "up":"591",
   "ut":"58",
   "wb":"413"
  }
 },
 {
  "states_daily":{
   "an":"0",
   "ap":"128",
   "ar":"1",
   "as":"161",
   "br":"136",
   "ch":"6",
   "ct":"66",
   "date":"22-Jun-20",
   "dateymd":"2020-06-22",
   "dd":"0",
   "dl":"3589",
   "dn":"0",
   "ga":"17",
   "gj":"560",
   "hp":"12",
   "hr":"359",
   "jh":"63",
   "jk":"149",
   "ka":"111",
   "kl":"88",
   "la":"2",
   "ld":"0",
   "mh":"1962",
   "ml":"0",
   "mn":"0",
   "mp":"200",
   "mz":"3",
   "nl":"0",
   "or":"143",
   "pb":"125",
   "py":"9",
   "rj":"313",
   "sk":"4",
   "status":"Recovered",
   "tg":"274",
   "tn":"1358",
   "tr":"23",
   "tt":"10879",
   "un":"0",
   "up":"606",
   "ut":"21",
   "wb":"390"
  }
 },
 {
  "states_daily":{
   "an":"0",
   "ap":"5",
   "ar":"0",
   "as":"0",
   "br":"1",
   "ch":"0",
   "ct":"1",
   "date":"22-Jun-20",
   "dateymd":"2020-06-22",
   "dd":"0",
   "dl":"58",
   "dn":"0",
   "ga":"1",
   "gj":"21",
   "hp":"0",
   "hr":"9",
   "jh":"0",
   "jk":"3",
   "ka":"5",
   "kl":"0",
   "la":"0",
   "ld":"0",
   "mh":"113",
   "ml":"0",
   "mn":"0",
   "mp":"6",
   "mz":"0",
   "nl":"0",
   "or":"2",
   "pb":"2",
   "py":"0",
   "rj":"7",
   "sk":"0",
   "status":"Deceased",
   "tg":"7",
   "tn":"37",
   "tr":"0",
   "tt":"312",
   "un":"0",
   "up":"19",
   "ut":"1",
   "wb":"14"
  }
 },
 {
  "states_daily":{
   "an":"2",
   "ap":"462",
   "ar":"10",
   "as":"203",
   "br":"157",
   "ch":"7",
   "ct":"83",
   "date":"23-Jun-20",
   "dateymd":"2020-06-23",
   "dd":"0",
   "dl":"3947",
   "dn":"9",
   "ga":"45",
   "gj":"549",
   "hp":"48",
   "hr":"495",
   "jh":"53",
   "jk":"148",
   "ka":"322",
   "kl":"141",
   "la":"85",
   "ld":"0",
   "mh":"3214",
   "ml":"1",
   "mn":"23",
   "mp":"183",
   "mz":"0",
   "nl":"50",
   "or":"167",
   "pb":"162",
   "py":"19",
   "rj":"395",
   "sk":"1",
   "status":"Confirmed",
   "tg":"879",
   "tn":"2516",
   "tr":"23",
   "tt":"15656",
   "un":"183",
   "up":"571",
   "ut":"133",
   "wb":"370"
  }
 },
 {
  "states_daily":{
   "an":"3",
   "ap":"157",
   "ar":"16",
   "as":"197",
   "br":"260",
   "ch":"0",
   "ct":"40",
   "date":"23-Jun-20",
   "dateymd":"2020-06-23",
   "dd":"0",
   "dl":"2711",
   "dn":"0",
   "ga":"53",
   "gj":"604",
   "hp":"3",
   "hr":"582",
   "jh":"51",
   "jk":"111",
   "ka":"274",
   "kl":"60",
   "la":"12",
   "ld":"0",
   "mh":"1925",
   "ml":"4",
   "mn":"8",
   "mp":"120",
   "mz":"7",
   "nl":"0",
   "or":"125",
   "pb":"222",
   "py":"16",
   "rj":"303",
   "sk":"0",
   "status":"Recovered",
   "tg":"219",
   "tn":"1227",
   "tr":"25",
   "tt":"10462",
   "un":"0",
   "up":"515",
   "ut":"81",
   "wb":"531"
  }
 },
 {
  "states_daily":{
   "an":"0",
   "ap":"8",
   "ar":"0",
   "as":"0",
   "br":"2",
   "ch":"0",
   "ct":"0",
   "date":"23-Jun-20",
   "dateymd":"2020-06-23",
   "dd":"0",
   "dl":"68",
   "dn":"0",
   "ga":"1",
   "gj":"26",
   "hp":"0",
   "hr":"9",
   "jh":"0",
   "jk":"2",
   "ka":"8",
   "kl":"1",
   "la":"0",
   "ld":"0",
   "mh":"248",
   "ml":"0",
   "mn":"0",
   "mp":"4",
   "mz":"0",
   "nl":"0",
   "or":"3",
   "pb":"4",
   "py":"1",
   "rj":"9",
   "sk":"0",
   "status":"Deceased",
   "tg":"3",
   "tn":"39",
   "tr":"0",
   "tt":"468",
   "un":"0",
   "up":"19",
   "ut":"2",
   "wb":"11"
  }
 },
 {
  "states_daily":{
   "an":"6",
   "ap":"497",
   "ar":"2",
   "as":"226",
   "br":"223",
   "ch":"2",
   "ct":"34",
   "date":"24-Jun-20",
   "dateymd":"2020-06-24",
   "dd":"0",
   "dl":"3788",
   "dn":"13",
   "ga":"42",
   "gj":"572",
   "hp":"31",
   "hr":"490",
   "jh":"26",
   "jk":"186",
   "ka":"397",
   "kl":"152",
   "la":"0",
   "ld":"0",
   "mh":"3889",
   "ml":"0",
   "mn":"49",
   "mp":"187",
   "mz":"3",
   "nl":"17",
   "or":"282",
   "pb":"230",
   "py":"59",
   "rj":"382",
   "sk":"4",
   "status":"Confirmed",
   "tg":"891",
   "tn":"2865",
   "tr":"0",
   "tt":"16868",
   "un":"126",
   "up":"664",
   "ut":"88",
   "wb":"445"
  }
 },
 {
  "states_daily":{
   "an":"1",
   "ap":"187",
   "ar":"0",
   "as":"196",
   "br":"79",
   "ch":"0",
   "ct":"74",
   "date":"24-Jun-20",
   "dateymd":"2020-06-24",
   "dd":"0",
   "dl":"2124",
   "dn":"3",
   "ga":"84",
   "gj":"575",
   "hp":"34",
   "hr":"427",
   "jh":"55",
   "jk":"176",
   "ka":"149",
   "kl":"81",
   "la":"126",
   "ld":"0",
   "mh":"4161",
   "ml":"0",
   "mn":"70",
   "mp":"138",
   "mz":"5",
   "nl":"7",
   "or":"135",
   "pb":"52",
   "py":"11",
   "rj":"398",
   "sk":"10",
   "status":"Recovered",
   "tg":"137",
   "tn":"2424",
   "tr":"97",
   "tt":"13089",
   "un":"0",
   "up":"470",
   "ut":"119",
   "wb":"484"
  }
 },
 {
  "states_daily":{
   "an":"0",
   "ap":"10",
   "ar":"1",
   "as":"0",
   "br":"1",
   "ch":"0",
   "ct":"0",
   "date":"24-Jun-20",
   "dateymd":"2020-06-24",
   "dd":"0",
   "dl":"64",
   "dn":"0",
   "ga":"0",
   "gj":"25",
   "hp":"0",
   "hr":"10",
   "jh":"1",
   "jk":"1",
   "ka":"14",
   "kl":"0",
   "la":"0",
   "ld":"0",
   "mh":"208",
   "ml":"0",
   "mn":"0",
   "mp":"9",
   "mz":"0",
   "nl":"0",
   "or":"0",
   "pb":"8",
   "py":"0",
   "rj":"10",
   "sk":"0",
   "status":"Deceased",
   "tg":"5",
   "tn":"33",
   "tr":"0",
   "tt":"424",
   "un":"0",
   "up":"8",
   "ut":"5",
   "wb":"11"
  }
 },
 {
  "states_daily":{
   "an":"2",
   "ap":"553",
   "ar":"12",
   "as":"364",
   "br":"215",
   "ch":"3",
   "ct":"37",
   "date":"25-Jun-20",
   "dateymd":"2020-06-25",
   "dd":"0",
   "dl":"3390",
   "dn":"20",
   "ga":"44",
   "gj":"577",
   "hp":"33",
   "hr":"453",
   "jh":"44",
   "jk":"127",
   "ka":"442",
   "kl":"123",
   "la":"9",
   "ld":"0",
   "mh":"4842",
   "ml":"0",
   "mn":"86",
   "mp":"147",
   "mz":"0",
   "nl":"8",
   "or":"210",
   "pb":"142",
   "py":"41",
   "rj":"287",
   "sk":"2",
   "status":"Confirmed",
   "tg":"920",
   "tn":"3509",
   "tr":"32",
   "tt":"18205",
   "un":"352",
   "up":"636",
   "ut":"68",
   "wb":"475"
  }
 },
 {
  "states_daily":{
   "an":"0",
   "ap":"209",
   "ar":"4",
   "as":"75",
   "br":"374",
   "ch":"7",
   "ct":"128",
   "date":"25-Jun-20",
   "dateymd":"2020-06-25",
   "dd":"0",
   "dl":"3328",
   "dn":"8",
   "ga":"46",
   "gj":"410",
   "hp":"8",
   "hr":"455",
   "jh":"30",
   "jk":"149",
   "ka":"519",
   "kl":"53",
   "la":"84",
   "ld":"0",
   "mh":"3661",
   "ml":"1",
   "mn":"26",
   "mp":"146",
   "mz":"6",
   "nl":"12",
   "or":"168",
   "pb":"93",
   "py":"11",
   "rj":"229",
   "sk":"0",
   "status":"Recovered",
   "tg":"327",
   "tn":"2236",
   "tr":"122",
   "tt":"13983",
   "un":"0",
   "up":"533",
   "ut":"37",
   "wb":"488"
  }
 },
 {
  "states_daily":{
   "an":"0",
   "ap":"7",
   "ar":"0",
   "as":"0",
   "br":"1",
   "ch":"0",
   "ct":"0",
   "date":"25-Jun-20",
   "dateymd":"2020-06-25",
   "dd":"0",
   "dl":"64",
   "dn":"0",
   "ga":"0",
   "gj":"18",
   "hp":"1",
   "hr":"10",
   "jh":"0",
   "jk":"2",
   "ka":"6",
   "kl":"0",
   "la":"0",
   "ld":"0",
   "mh":"192",
   "ml":"0",
   "mn":"0",
   "mp":"8",
   "mz":"0",
   "nl":"0",
   "or":"0",
   "pb":"7",
   "py":"0",
   "rj":"4",
   "sk":"0",
   "status":"Deceased",
   "tg":"5",
   "tn":"45",
   "tr":"0",
   "tt":"401",
   "un":"0",
   "up":"15",
   "ut":"1",
   "wb":"15"
  }
 }
]