[
 {
  "states_daily":{
   "an":"0",
   "ap":"13",
   "ar":"0",
   "as":"10",
   "br":"0",
   "ch":"0",
   "ct":"1",
   "date":"16-Aug-21",
   "dateymd":"2021-08-16",
   "dd":"0",
   "dl":"0",
   "dn":"0",
   "ga":"5",
   "gj":"0",
   "hp":"3",
   "hr":"2",
   "jh":"0",
   "jk":"1",
   "ka":"28",
   "kl":"142",
   "la":"0",
   "ld":"0",
   "mh":"100",
   "ml":"8",
   "mn":"6",
   "mp":"1",
   "mz":"3",
   "nl":"4",
   "or":"66",
   "pb":"2",
   "py":"0",
   "rj":"0",
   "sk":"0",
   "status":"Deceased",
   "tg":"3",
   "tn":"28",
   "tr":"1",
   "tt":"438",
   "un":"0",
   "up":"1",
   "ut":"1",
   "wb":"9"
  }
 }
]