,Id,SepalLengthCm,SepalWidthCm,PetalLengthCm,PetalWidthCm,Species
50,51,7.0,3.2,4.7,1.4,Iris-versicolor
51,52,6.4,3.2,4.5,1.5,Iris-versicolor
52,53,6.9,3.1,4.9,1.5,Iris-versicolor
53,54,5.5,2.3,4.0,1.3,Iris-versicolor
54,55,6.5,2.8,4.6,1.5,Iris-versicolor
55,56,5.7,2.8,4.5,1.3,Iris-versicolor
56,57,6.3,3.3,4.7,1.6,Iris-versicolor
57,58,4.9,2.4,3.3,1.0,Iris-versicolor
58,59,6.6,2.9,4.6,1.3,Iris-versicolor
59,60,5.2,2.7,3.9,1.4,Iris-versicolor
60,61,5.0,2.0,3.5,1.0,Iris-versicolor
61,62,5.9,3.0,4.2,1.5,Iris-versicolor
62,63,6.0,2.2,4.0,1.0,Iris-versicolor
63,64,6.1,2.9,4.7,1.4,Iris-versicolor
64,65,5.6,2.9,3.6,1.3,Iris-versicolor
65,66,6.7,3.1,4.4,1.4,Iris-versicolor
66,67,5.6,3.0,4.5,1.5,Iris-versicolor
67,68,5.8,2.7,4.1,1.0,Iris-versicolor
68,69,6.2,2.2,4.5,1.5,Iris-versicolor
69,70,5.6,2.5,3.9,1.1,Iris-versicolor
70,71,5.9,3.2,4.8,1.8,Iris-versicolor
71,72,6.1,2.8,4.0,1.3,Iris-versicolor
72,73,6.3,2.5,4.9,1.5,Iris-versicolor
73,74,6.1,2.8,4.7,1.2,Iris-versicolor
74,75,6.4,2.9,4.3,1.3,Iris-versicolor
75,76,6.6,3.0,4.4,1.4,Iris-versicolor
76,77,6.8,2.8,4.8,1.4,Iris-versicolor
77,78,6.7,3.0,5.0,1.7,Iris-versicolor
78,79,6.0,2.9,4.5,1.5,Iris-versicolor
79,80,5.7,2.6,3.5,1.0,Iris-versicolor
80,81,5.5,2.4,3.8,1.1,Iris-versicolor
81,82,5.5,2.4,3.7,1.0,Iris-versicolor
82,83,5.8,2.7,3.9,1.2,Iris-versicolor
83,84,6.0,2.7,5.1,1.6,Iris-versicolor
84,85,5.4,3.0,4.5,1.5,Iris-versicolor
85,86,6.0,3.4,4.5,1.6,Iris-versicolor
86,87,6.7,3.1,4.7,1.5,Iris-versicolor
87,88,6.3,2.3,4.4,1.3,Iris-versicolor
88,89,5.6,3.0,4.1,1.3,Iris-versicolor
89,90,5.5,2.5,4.0,1.3,Iris-versicolor
90,91,5.5,2.6,4.4,1.2,Iris-versicolor
91,92,6.1,3.0,4.6,1.4,Iris-versicolor
92,93,5.8,2.6,4.0,1.2,Iris-versicolor
93,94,5.0,2.3,3.3,1.0,Iris-versicolor
94,95,5.6,2.7,4.2,1.3,Iris-versicolor
95,96,5.7,3.0,4.2,1.2,Iris-versicolor
96,97,5.7,2.9,4.2,1.3,Iris-versicolor
97,98,6.2,2.9,4.3,1.3,Iris-versicolor
98,99,5.1,2.5,3.0,1.1,Iris-versicolor
99,100,5.7,2.8,4.1,1.3,Iris-versicolor
