,Id,SepalLengthCm,SepalWidthCm,PetalLengthCm,PetalWidthCm,Species
126,127,6.2,2.8,4.8,1.8,Iris-virginica
127,128,6.1,3.0,4.9,1.8,Iris-virginica
128,129,6.4,2.8,5.6,2.1,Iris-virginica
129,130,7.2,3.0,5.8,1.6,Iris-virginica
130,131,7.4,2.8,6.1,1.9,Iris-virginica
131,132,7.9,3.8,6.4,2.0,Iris-virginica
132,133,6.4,2.8,5.6,2.2,Iris-virginica
133,134,6.3,2.8,5.1,1.5,Iris-virginica
134,135,6.1,2.6,5.6,1.4,Iris-virginica
135,136,7.7,3.0,6.1,2.3,Iris-virginica
136,137,6.3,3.4,5.6,2.4,Iris-virginica
137,138,6.4,3.1,5.5,1.8,Iris-virginica
138,139,6.0,3.0,4.8,1.8,Iris-virginica
139,140,6.9,3.1,5.4,2.1,Iris-virginica
140,141,6.7,3.1,5.6,2.4,Iris-virginica
141,142,6.9,3.1,5.1,2.3,Iris-virginica
142,143,5.8,2.7,5.1,1.9,Iris-virginica
143,144,6.8,3.2,5.9,2.3,Iris-virginica
144,145,6.7,3.3,5.7,2.5,Iris-virginica
145,146,6.7,3.0,5.2,2.3,Iris-virginica
146,147,6.3,2.5,5.0,1.9,Iris-virginica
