,Id,SepalLengthCm,SepalWidthCm,PetalLengthCm,PetalWidthCm,Species
100,101,6.3,3.3,6.0,2.5,Iris-virginica
101,102,5.8,2.7,5.1,1.9,Iris-virginica
102,103,7.1,3.0,5.9,2.1,Iris-virginica
103,104,6.3,2.9,5.6,1.8,Iris-virginica
104,105,6.5,3.0,5.8,2.2,Iris-virginica
105,106,7.6,3.0,6.6,2.1,Iris-virginica
106,107,4.9,2.5,4.5,1.7,Iris-virginica
107,108,7.3,2.9,6.3,1.8,Iris-virginica
108,109,6.7,2.5,5.8,1.8,Iris-virginica
109,110,7.2,3.6,6.1,2.5,Iris-virginica
110,111,6.5,3.2,5.1,2.0,Iris-virginica
111,112,6.4,2.7,5.3,1.9,Iris-virginica
112,113,6.8,3.0,5.5,2.1,Iris-virginica
113,114,5.7,2.5,5.0,2.0,Iris-virginica
114,115,5.8,2.8,5.1,2.4,Iris-virginica
115,116,6.4,3.2,5.3,2.3,Iris-virginica
116,117,6.5,3.0,5.5,1.8,Iris-virginica
117,118,7.7,3.8,6.7,2.2,Iris-virginica
118,119,7.7,2.6,6.9,2.3,Iris-virginica
119,120,6.0,2.2,5.0,1.5,Iris-virginica
120,121,6.9,3.2,5.7,2.3,Iris-virginica
121,122,5.6,2.8,4.9,2.0,Iris-virginica
122,123,7.7,2.8,6.7,2.0,Iris-virginica
123,124,6.3,2.7,4.9,1.8,Iris-virginica
124,125,6.7,3.3,5.7,2.1,Iris-virginica
125,126,7.2,3.2,6.0,1.8,Iris-virginica
126,127,6.2,2.8,4.8,1.8,Iris-virginica
127,128,6.1,3.0,4.9,1.8,Iris-virginica
128,129,6.4,2.8,5.6,2.1,Iris-virginica
129,130,7.2,3.0,5.8,1.6,Iris-virginica
130,131,7.4,2.8,6.1,1.9,Iris-virginica
131,132,7.9,3.8,6.4,2.0,Iris-virginica
132,133,6.4,2.8,5.6,2.2,Iris-virginica
133,134,6.3,2.8,5.1,1.5,Iris-virginica
134,135,6.1,2.6,5.6,1.4,Iris-virginica
135,136,7.7,3.0,6.1,2.3,Iris-virginica
136,137,6.3,3.4,5.6,2.4,Iris-virginica
137,138,6.4,3.1,5.5,1.8,Iris-virginica
138,139,6.0,3.0,4.8,1.8,Iris-virginica
139,140,6.9,3.1,5.4,2.1,Iris-virginica
140,141,6.7,3.1,5.6,2.4,Iris-virginica
141,142,6.9,3.1,5.1,2.3,Iris-virginica
142,143,5.8,2.7,5.1,1.9,Iris-virginica
143,144,6.8,3.2,5.9,2.3,Iris-virginica
144,145,6.7,3.3,5.7,2.5,Iris-virginica
145,146,6.7,3.0,5.2,2.3,Iris-virginica
146,147,6.3,2.5,5.0,1.9,Iris-virginica
147,148,6.5,3.0,5.2,2.0,Iris-virginica
148,149,6.2,3.4,5.4,2.3,Iris-virginica
149,150,5.9,3.0,5.1,1.8,Iris-virginica
