,Id,SepalLengthCm,SepalWidthCm,PetalLengthCm,PetalWidthCm,Species
42,43,4.4,3.2,1.3,0.2,Iris-setosa
43,44,5.0,3.5,1.6,0.6,Iris-setosa
44,45,5.1,3.8,1.9,0.4,Iris-setosa
45,46,4.8,3.0,1.4,0.3,Iris-setosa
46,47,5.1,3.8,1.6,0.2,Iris-setosa
47,48,4.6,3.2,1.4,0.2,Iris-setosa
48,49,5.3,3.7,1.5,0.2,Iris-setosa
49,50,5.0,3.3,1.4,0.2,Iris-setosa
50,51,7.0,3.2,4.7,1.4,Iris-versicolor
51,52,6.4,3.2,4.5,1.5,Iris-versicolor
52,53,6.9,3.1,4.9,1.5,Iris-versicolor
53,54,5.5,2.3,4.0,1.3,Iris-versicolor
54,55,6.5,2.8,4.6,1.5,Iris-versicolor
55,56,5.7,2.8,4.5,1.3,Iris-versicolor
56,57,6.3,3.3,4.7,1.6,Iris-versicolor
57,58,4.9,2.4,3.3,1.0,Iris-versicolor
58,59,6.6,2.9,4.6,1.3,Iris-versicolor
59,60,5.2,2.7,3.9,1.4,Iris-versicolor
60,61,5.0,2.0,3.5,1.0,Iris-versicolor
61,62,5.9,3.0,4.2,1.5,Iris-versicolor
62,63,6.0,2.2,4.0,1.0,Iris-versicolor
