,Id,SepalLengthCm,SepalWidthCm,PetalLengthCm,PetalWidthCm,Species
0,1,5.1,3.5,1.4,0.2,Iris-setosa
1,2,4.9,3.0,1.4,0.2,Iris-setosa
2,3,4.7,3.2,1.3,0.2,Iris-setosa
3,4,4.6,3.1,1.5,0.2,Iris-setosa
4,5,5.0,3.6,1.4,0.2,Iris-setosa
5,6,5.4,3.9,1.7,0.4,Iris-setosa
6,7,4.6,3.4,1.4,0.3,Iris-setosa
7,8,5.0,3.4,1.5,0.2,Iris-setosa
8,9,4.4,2.9,1.4,0.2,Iris-setosa
9,10,4.9,3.1,1.5,0.1,Iris-setosa
10,11,5.4,3.7,1.5,0.2,Iris-setosa
11,12,4.8,3.4,1.6,0.2,Iris-setosa
12,13,4.8,3.0,1.4,0.1,Iris-setosa
13,14,4.3,3.0,1.1,0.1,Iris-setosa
14,15,5.8,4.0,1.2,0.2,Iris-setosa
15,16,5.7,4.4,1.5,0.4,Iris-setosa
16,17,5.4,3.9,1.3,0.4,Iris-setosa
17,18,5.1,3.5,1.4,0.3,Iris-setosa
18,19,5.7,3.8,1.7,0.3,Iris-setosa
19,20,5.1,3.8,1.5,0.3,Iris-setosa
20,21,5.4,3.4,1.7,0.2,Iris-setosa
