,Id,SepalLengthCm,SepalWidthCm,PetalLengthCm,PetalWidthCm,Species
21,22,5.1,3.7,1.5,0.4,Iris-setosa
22,23,4.6,3.6,1.0,0.2,Iris-setosa
23,24,5.1,3.3,1.7,0.5,Iris-setosa
24,25,4.8,3.4,1.9,0.2,Iris-setosa
25,26,5.0,3.0,1.6,0.2,Iris-setosa
26,27,5.0,3.4,1.6,0.4,Iris-setosa
27,28,5.2,3.5,1.5,0.2,Iris-setosa
28,29,5.2,3.4,1.4,0.2,Iris-setosa
29,30,4.7,3.2,1.6,0.2,Iris-setosa
30,31,4.8,3.1,1.6,0.2,Iris-setosa
31,32,5.4,3.4,1.5,0.4,Iris-setosa
32,33,5.2,4.1,1.5,0.1,Iris-setosa
33,34,5.5,4.2,1.4,0.2,Iris-setosa
34,35,4.9,3.1,1.5,0.1,Iris-setosa
35,36,5.0,3.2,1.2,0.2,Iris-setosa
36,37,5.5,3.5,1.3,0.2,Iris-setosa
37,38,4.9,3.1,1.5,0.1,Iris-setosa
38,39,4.4,3.0,1.3,0.2,Iris-setosa
39,40,5.1,3.4,1.5,0.2,Iris-setosa
40,41,5.0,3.5,1.3,0.3,Iris-setosa
41,42,4.5,2.3,1.3,0.3,Iris-setosa
