,Id,SepalLengthCm,SepalWidthCm,PetalLengthCm,PetalWidthCm,Species
63,64,6.1,2.9,4.7,1.4,Iris-versicolor
64,65,5.6,2.9,3.6,1.3,Iris-versicolor
65,66,6.7,3.1,4.4,1.4,Iris-versicolor
66,67,5.6,3.0,4.5,1.5,Iris-versicolor
67,68,5.8,2.7,4.1,1.0,Iris-versicolor
68,69,6.2,2.2,4.5,1.5,Iris-versicolor
69,70,5.6,2.5,3.9,1.1,Iris-versicolor
70,71,5.9,3.2,4.8,1.8,Iris-versicolor
71,72,6.1,2.8,4.0,1.3,Iris-versicolor
72,73,6.3,2.5,4.9,1.5,Iris-versicolor
73,74,6.1,2.8,4.7,1.2,Iris-versicolor
74,75,6.4,2.9,4.3,1.3,Iris-versicolor
75,76,6.6,3.0,4.4,1.4,Iris-versicolor
76,77,6.8,2.8,4.8,1.4,Iris-versicolor
77,78,6.7,3.0,5.0,1.7,Iris-versicolor
78,79,6.0,2.9,4.5,1.5,Iris-versicolor
79,80,5.7,2.6,3.5,1.0,Iris-versicolor
80,81,5.5,2.4,3.8,1.1,Iris-versicolor
81,82,5.5,2.4,3.7,1.0,Iris-versicolor
82,83,5.8,2.7,3.9,1.2,Iris-versicolor
83,84,6.0,2.7,5.1,1.6,Iris-versicolor
